-- MySQL dump 10.13  Distrib 8.0.22, for Win64 (x86_64)
--
-- Host: localhost    Database: vk
-- ------------------------------------------------------
-- Server version	8.0.22

/*!40101 SET @OLD_CHARACTER_SET_CLIENT=@@CHARACTER_SET_CLIENT */;
/*!40101 SET @OLD_CHARACTER_SET_RESULTS=@@CHARACTER_SET_RESULTS */;
/*!40101 SET @OLD_COLLATION_CONNECTION=@@COLLATION_CONNECTION */;
/*!50503 SET NAMES utf8mb4 */;
/*!40103 SET @OLD_TIME_ZONE=@@TIME_ZONE */;
/*!40103 SET TIME_ZONE='+00:00' */;
/*!40014 SET @OLD_UNIQUE_CHECKS=@@UNIQUE_CHECKS, UNIQUE_CHECKS=0 */;
/*!40014 SET @OLD_FOREIGN_KEY_CHECKS=@@FOREIGN_KEY_CHECKS, FOREIGN_KEY_CHECKS=0 */;
/*!40101 SET @OLD_SQL_MODE=@@SQL_MODE, SQL_MODE='NO_AUTO_VALUE_ON_ZERO' */;
/*!40111 SET @OLD_SQL_NOTES=@@SQL_NOTES, SQL_NOTES=0 */;

--
-- Table structure for table `comment_likes`
--

DROP TABLE IF EXISTS `comment_likes`;
/*!40101 SET @saved_cs_client     = @@character_set_client */;
/*!50503 SET character_set_client = utf8mb4 */;
CREATE TABLE `comment_likes` (
  `from_user_id` bigint unsigned NOT NULL,
  `comment_id` bigint unsigned NOT NULL,
  `created_at` datetime DEFAULT CURRENT_TIMESTAMP,
  `is_removed` tinyint(1) DEFAULT '0',
  PRIMARY KEY (`from_user_id`,`comment_id`),
  KEY `comment_id` (`comment_id`),
  CONSTRAINT `comment_likes_ibfk_1` FOREIGN KEY (`from_user_id`) REFERENCES `users` (`id`),
  CONSTRAINT `comment_likes_ibfk_2` FOREIGN KEY (`comment_id`) REFERENCES `comments` (`id`)
) ENGINE=InnoDB DEFAULT CHARSET=utf8 COLLATE=utf8_unicode_ci;
/*!40101 SET character_set_client = @saved_cs_client */;

--
-- Dumping data for table `comment_likes`
--

LOCK TABLES `comment_likes` WRITE;
/*!40000 ALTER TABLE `comment_likes` DISABLE KEYS */;
INSERT INTO `comment_likes` VALUES (1,84,'2011-08-12 05:45:46',1),(1,85,'1979-05-29 11:28:05',0),(1,95,'2004-07-03 04:02:05',0),(2,31,'2006-04-02 09:39:44',1),(2,56,'2003-06-02 05:22:00',0),(3,45,'2017-05-10 22:41:18',1),(3,51,'1970-02-28 12:59:55',0),(3,74,'1976-06-15 17:34:33',1),(4,15,'1994-12-08 16:49:22',0),(4,33,'2009-04-08 16:22:06',0),(5,55,'2009-11-06 04:15:27',0),(5,62,'1989-08-01 02:11:27',0),(7,85,'2019-10-01 16:41:25',0),(8,92,'1995-08-03 09:13:30',0),(9,3,'2008-11-01 19:30:04',1),(9,89,'1992-10-05 01:13:47',0),(9,93,'1984-01-15 20:24:20',0),(10,36,'2019-10-06 08:30:01',1),(10,48,'2010-06-06 16:40:52',1),(11,47,'1998-04-15 21:36:08',1),(11,70,'2006-05-24 08:06:49',0),(12,29,'2019-11-03 14:06:18',0),(13,44,'1979-09-11 13:44:41',1),(14,26,'2011-11-04 17:04:53',1),(15,81,'1972-05-13 07:42:40',1),(16,16,'1993-07-09 01:10:55',1),(17,7,'1998-06-16 04:27:30',1),(19,61,'1981-10-18 03:35:16',1),(21,41,'2009-03-24 20:06:54',0),(21,79,'1985-01-06 06:01:51',0),(24,33,'2015-04-06 07:45:05',0),(26,18,'1995-02-21 01:13:24',0),(26,35,'1971-06-16 13:14:32',1),(27,29,'2011-04-28 11:55:09',1),(27,74,'2018-08-23 12:08:06',0),(28,3,'1992-12-05 11:03:29',0),(28,85,'1975-11-11 08:28:44',1),(28,86,'2000-05-13 16:04:57',1),(32,23,'1983-09-13 16:31:07',1),(32,95,'1992-04-08 05:54:02',1),(34,91,'1973-07-20 14:22:33',1),(35,91,'1984-01-04 23:19:59',0),(36,76,'2016-03-29 19:11:58',0),(39,1,'2011-09-18 16:01:50',1),(39,54,'1991-03-04 10:10:16',0),(40,35,'1990-12-08 08:03:39',0),(42,69,'2020-10-13 04:55:12',0),(43,14,'1970-03-26 21:29:18',0),(46,38,'2010-10-16 18:01:58',1),(46,94,'1982-07-01 10:28:06',0),(48,85,'1977-02-24 02:48:44',0),(49,45,'2006-07-26 14:39:06',1),(50,19,'1999-07-02 20:40:48',1),(51,13,'2008-09-21 20:41:19',1),(51,31,'2014-08-02 08:54:17',1),(53,73,'2020-08-16 05:44:58',0),(54,99,'1971-02-15 10:34:00',1),(55,52,'1979-08-05 20:10:10',1),(55,55,'1991-08-06 16:47:16',1),(58,25,'2017-02-09 08:25:27',1),(58,85,'1975-02-04 07:21:42',0),(59,7,'1975-12-05 12:43:35',0),(64,51,'1994-01-20 10:34:05',0),(65,2,'2017-08-04 15:32:43',1),(65,10,'1997-02-13 23:23:07',1),(66,24,'1977-05-11 13:55:17',0),(67,35,'1970-10-15 07:44:16',0),(68,28,'2005-12-16 16:43:00',0),(68,94,'1983-07-15 18:39:26',0),(69,65,'2000-07-03 06:00:13',1),(70,10,'2013-01-06 03:07:47',0),(70,33,'2014-07-28 14:57:34',1),(72,60,'2014-01-01 23:26:32',1),(75,31,'2019-06-25 03:10:08',1),(75,91,'1972-09-27 18:04:44',0),(77,80,'1974-11-06 06:50:58',1),(78,10,'1976-05-09 19:18:16',1),(78,19,'1987-12-18 18:02:08',0),(79,100,'1983-01-01 03:50:34',1),(80,43,'1978-03-19 17:31:14',1),(80,73,'2003-10-22 18:49:49',1),(81,3,'2012-12-04 07:05:07',0),(83,29,'1975-12-02 08:28:37',1),(84,59,'2006-11-16 04:10:55',0),(84,83,'1983-12-02 11:09:05',0),(84,84,'1978-07-26 15:46:23',1),(86,73,'1981-07-11 23:53:36',1),(89,74,'1996-11-29 16:50:34',1),(92,10,'2005-05-04 23:47:28',1),(94,17,'1984-03-28 17:15:08',1),(94,60,'1975-12-15 18:33:18',1),(94,70,'1980-03-12 18:35:33',0),(96,5,'2001-11-12 03:32:25',1),(96,7,'1972-01-12 01:19:02',1),(96,26,'2011-10-08 05:25:32',1),(97,79,'1982-01-15 06:10:11',1),(98,13,'2016-11-10 08:50:57',1),(98,51,'1977-07-27 13:11:50',0),(100,3,'1976-01-10 00:07:24',1),(100,97,'1977-05-27 09:28:27',0);
/*!40000 ALTER TABLE `comment_likes` ENABLE KEYS */;
UNLOCK TABLES;

--
-- Table structure for table `comments`
--

DROP TABLE IF EXISTS `comments`;
/*!40101 SET @saved_cs_client     = @@character_set_client */;
/*!50503 SET character_set_client = utf8mb4 */;
CREATE TABLE `comments` (
  `id` bigint unsigned NOT NULL AUTO_INCREMENT,
  `user_id` bigint unsigned NOT NULL,
  `post_id` bigint unsigned NOT NULL,
  `comment` text CHARACTER SET utf8 COLLATE utf8_unicode_ci,
  `created_at` datetime DEFAULT CURRENT_TIMESTAMP,
  `updated_at` datetime DEFAULT CURRENT_TIMESTAMP ON UPDATE CURRENT_TIMESTAMP,
  PRIMARY KEY (`id`),
  KEY `user_id` (`user_id`),
  KEY `post_id` (`post_id`),
  CONSTRAINT `comments_ibfk_1` FOREIGN KEY (`user_id`) REFERENCES `users` (`id`),
  CONSTRAINT `comments_ibfk_2` FOREIGN KEY (`post_id`) REFERENCES `posts` (`id`)
) ENGINE=InnoDB AUTO_INCREMENT=101 DEFAULT CHARSET=utf8 COLLATE=utf8_unicode_ci;
/*!40101 SET character_set_client = @saved_cs_client */;

--
-- Dumping data for table `comments`
--

LOCK TABLES `comments` WRITE;
/*!40000 ALTER TABLE `comments` DISABLE KEYS */;
INSERT INTO `comments` VALUES (1,61,85,'Molestias eos repellat doloribus beatae.','1988-03-26 16:24:39','1995-10-07 11:41:19'),(2,7,30,'Iusto nesciunt rerum aut harum suscipit possimus.','1980-03-08 00:10:32','2006-07-07 18:56:14'),(3,74,89,'Earum perferendis incidunt autem rerum doloribus quis.','2014-02-24 12:08:41','1989-11-20 12:00:37'),(4,63,43,'Cumque voluptas distinctio consequatur.','2019-06-29 13:54:14','1987-10-20 06:49:04'),(5,91,79,'Sint consectetur aut et quia dicta beatae.','2014-04-18 10:39:49','2020-03-26 09:16:40'),(6,26,87,'Aut qui minima praesentium inventore.','1982-11-17 06:11:03','2002-11-14 03:55:21'),(7,91,72,'Nisi ut quia et mollitia porro odio.','2001-08-24 08:26:03','2017-04-11 10:10:13'),(8,25,36,'Possimus voluptas aliquid vel et.','2000-10-13 20:59:01','2020-09-22 01:21:31'),(9,53,13,'Voluptate qui aperiam beatae ut provident.','1981-10-14 02:32:07','1997-06-16 23:37:05'),(10,89,12,'Provident et ducimus quia nostrum et vitae nesciunt.','1976-06-04 20:29:43','2012-04-27 05:08:07'),(11,48,65,'Corrupti commodi error et consectetur aliquid natus qui.','2017-09-18 07:10:33','1974-02-13 09:16:08'),(12,3,78,'Expedita impedit tenetur voluptas placeat cumque.','1998-09-10 10:34:31','2018-02-25 16:13:19'),(13,60,27,'Optio voluptas accusantium illum sint commodi delectus vitae.','2000-09-05 06:22:04','2000-05-28 22:24:00'),(14,11,6,'Harum provident recusandae mollitia architecto.','1996-07-14 04:06:55','2019-01-31 06:00:52'),(15,74,100,'Hic tempora beatae consequatur repellat.','2015-04-06 21:35:05','1976-02-23 14:38:37'),(16,84,34,'Eum accusamus alias omnis iste enim.','2007-02-07 19:30:51','1979-04-20 04:39:17'),(17,85,90,'Nulla provident fugiat eos reiciendis quam ipsum.','1974-01-20 06:20:19','2020-09-05 20:25:19'),(18,63,58,'Ducimus consectetur sequi modi ad ducimus.','2017-06-03 08:15:15','2020-03-06 10:12:11'),(19,78,26,'Et nihil ipsa odio vel optio quaerat.','1986-10-06 10:51:16','1982-02-13 09:01:38'),(20,100,69,'Sed id qui sequi amet.','1983-11-24 18:25:20','2013-01-05 00:26:40'),(21,4,26,'Aliquid qui quibusdam sed autem modi eligendi sit.','1991-10-01 14:03:22','2015-10-23 11:36:07'),(22,55,94,'Eius ut iusto eveniet.','1983-10-13 05:38:49','1981-09-05 03:00:53'),(23,97,80,'Ea quod enim omnis repellendus ipsum mollitia.','1976-11-15 01:32:33','2000-10-03 11:35:59'),(24,29,49,'Officiis sint et reprehenderit qui recusandae.','2003-09-11 06:49:57','2011-07-14 13:53:28'),(25,93,18,'Sit consectetur quasi illo fuga.','1976-03-14 21:36:43','1993-02-24 11:53:44'),(26,60,40,'Deserunt minima explicabo odit qui error sapiente.','1971-03-29 00:26:06','1991-07-06 19:15:28'),(27,82,63,'Tenetur nihil mollitia eveniet voluptatem ducimus nihil ut.','2013-03-11 00:34:43','1996-08-31 05:24:11'),(28,17,41,'Quia ut exercitationem consequatur aut quia necessitatibus.','2019-05-21 23:06:07','1976-09-02 23:59:07'),(29,89,27,'Rem qui et in similique nostrum.','2019-12-13 14:17:58','1987-09-21 05:46:42'),(30,47,63,'Laborum sit ab numquam rerum.','1991-09-12 22:17:51','2009-08-15 03:26:22'),(31,26,30,'Officiis et placeat et error.','1994-08-23 06:19:28','2008-08-25 20:12:45'),(32,97,10,'Quis consequatur est labore reiciendis ducimus fuga ut nemo.','2000-11-19 12:21:27','1978-08-11 19:23:43'),(33,19,59,'Ullam libero possimus laborum qui non molestias.','1986-12-04 04:59:53','1979-02-19 16:22:29'),(34,68,97,'Et culpa sint illum voluptas eveniet voluptate inventore.','1970-09-11 00:37:45','2006-05-14 20:18:44'),(35,84,68,'Inventore consequatur eos commodi explicabo atque veniam ut.','1970-05-13 15:21:48','1982-06-01 08:37:42'),(36,65,88,'Iure quis quia neque beatae.','1988-05-01 18:02:30','2009-07-03 14:56:33'),(37,93,20,'Voluptas et nesciunt iure est qui enim omnis.','2004-01-18 20:40:45','1983-09-11 10:26:37'),(38,81,90,'Est illo necessitatibus accusantium enim corporis qui illum sit.','1999-11-17 21:41:57','2012-02-05 21:14:06'),(39,99,10,'Ipsum et possimus aut nemo quisquam.','1984-09-09 03:26:18','1985-04-24 13:53:47'),(40,38,92,'Incidunt voluptatem unde reiciendis culpa illum et saepe.','1997-03-11 00:44:02','1985-02-17 11:42:40'),(41,27,98,'Dolore autem rerum fugiat nostrum libero.','2018-10-19 04:42:58','1999-11-22 03:28:55'),(42,31,9,'Corrupti id cupiditate perferendis odit odit harum.','1987-01-27 15:19:10','1993-12-06 20:04:29'),(43,61,48,'Ea inventore voluptas consequatur commodi nesciunt voluptates.','1979-06-10 14:48:25','1976-11-24 20:09:32'),(44,49,49,'Dolores et optio aut quibusdam.','1982-07-12 18:24:52','1987-10-16 16:48:58'),(45,74,95,'Recusandae quam qui autem non voluptates ea unde.','2000-05-26 02:28:35','1979-01-12 07:10:08'),(46,12,100,'Aut ut quo tempora totam at sit.','1971-07-30 13:25:39','1989-04-23 05:30:59'),(47,25,8,'Ea illo dicta delectus quidem.','1989-09-12 01:02:06','1999-09-05 20:00:21'),(48,10,43,'Et repudiandae est qui aut minus tempore.','1986-06-14 23:19:25','2008-01-05 04:28:08'),(49,67,78,'Mollitia minus harum rerum.','2005-12-09 09:40:14','1978-08-20 23:45:46'),(50,39,51,'Rem quis et iste aut saepe aut nihil.','1985-03-06 10:06:09','1984-01-06 00:20:29'),(51,46,3,'Architecto dolor fuga quo veniam numquam.','1995-05-13 21:10:20','2020-04-28 22:57:59'),(52,38,39,'Minus eos id facere ducimus neque rem error.','1983-04-03 18:06:18','1979-09-28 17:34:36'),(53,23,18,'Consequatur praesentium animi aut nam possimus quo.','1970-06-17 05:51:36','2013-12-31 19:29:48'),(54,28,21,'Praesentium deserunt dolore ut doloribus iste.','1979-03-08 11:05:29','1993-05-09 10:32:23'),(55,28,66,'Accusamus cumque molestias aspernatur consequatur voluptatibus cupiditate voluptatem unde.','1998-11-17 07:46:51','1979-05-16 20:31:44'),(56,13,55,'Doloremque qui vel quas soluta vero aut similique.','1973-07-29 23:19:50','1977-04-03 10:32:30'),(57,64,43,'Recusandae et vero est quisquam veniam qui.','1988-03-02 16:35:43','1986-07-11 19:51:25'),(58,63,24,'Officiis ut laborum qui quidem velit vero est aut.','1998-12-11 01:13:22','2007-03-21 12:39:45'),(59,91,12,'Voluptatem est libero impedit aut.','1975-12-07 10:27:22','1973-08-22 16:46:51'),(60,73,65,'Illum a aut autem reprehenderit corrupti mollitia.','2012-03-18 17:54:00','2010-07-04 09:41:51'),(61,6,84,'Sunt neque illo magni libero cupiditate.','2012-06-19 18:05:55','1979-09-02 14:03:11'),(62,64,31,'Incidunt provident reprehenderit exercitationem sed tempora.','2005-07-16 15:26:09','1988-10-24 22:08:43'),(63,91,74,'Et molestias numquam sed et velit qui nihil.','1997-04-05 10:28:41','1988-05-30 16:37:24'),(64,73,57,'Et dolorem qui laboriosam et provident nam.','2006-01-31 07:14:53','1990-09-13 03:47:21'),(65,51,12,'Qui officia molestias et vel at veritatis.','2010-03-26 22:11:48','1993-07-31 07:59:26'),(66,7,96,'Exercitationem suscipit distinctio sit in et et voluptatem.','1971-04-05 16:23:13','1993-05-17 00:17:25'),(67,15,45,'Sint et ut porro quisquam mollitia.','2018-04-03 02:01:14','2017-01-31 20:41:56'),(68,35,37,'Delectus assumenda iste numquam quibusdam ratione debitis dolorum.','1971-09-08 20:55:36','2005-05-04 10:50:11'),(69,62,62,'Et perferendis inventore porro molestiae voluptatem.','2009-10-16 10:53:41','2007-02-21 14:38:46'),(70,58,90,'Et voluptas atque nulla assumenda natus doloribus.','2019-12-13 10:56:30','2010-05-14 17:58:21'),(71,27,70,'Hic natus repellendus nesciunt corporis est vel et laboriosam.','2013-04-25 10:04:01','2010-03-27 05:48:54'),(72,44,91,'Facere voluptatem aut qui cumque voluptatem.','2007-02-01 21:54:45','2000-02-26 15:05:11'),(73,13,6,'Numquam voluptatibus et incidunt quod modi facilis ut in.','2009-11-07 20:45:30','2015-12-26 22:18:32'),(74,14,3,'Quo quas praesentium error est ipsam.','1978-03-05 19:21:47','2016-07-22 18:33:37'),(75,17,86,'Velit et dignissimos officia accusantium quidem nulla quis.','1982-07-27 17:14:32','1981-08-23 17:23:32'),(76,67,23,'Ratione itaque perferendis quis magnam et.','1984-05-18 17:06:43','1995-07-21 03:59:30'),(77,70,31,'Et et et rem tempora.','1979-12-17 03:35:25','2011-01-04 03:02:17'),(78,53,60,'Magni ut praesentium et assumenda consequatur repellendus ducimus qui.','1970-04-08 21:47:15','1984-02-04 13:56:27'),(79,5,26,'Expedita voluptas incidunt officiis culpa accusamus deserunt aut.','1973-04-16 14:41:23','1996-01-05 10:16:40'),(80,17,55,'Unde optio enim iure reprehenderit.','1985-01-27 00:35:16','1984-03-11 15:16:45'),(81,38,24,'Fugit magni et fugit molestiae.','1976-12-01 21:34:37','1992-02-20 00:59:08'),(82,51,52,'Maiores nam saepe delectus et quo sint debitis reiciendis.','2013-07-05 09:31:25','1973-10-04 23:39:42'),(83,68,85,'Pariatur repellendus veritatis soluta quis magni aspernatur.','2004-11-18 18:23:44','1989-09-27 03:37:27'),(84,89,30,'Sed et sed accusamus corporis ad consequatur voluptas.','2019-01-23 08:04:52','1985-09-04 11:02:25'),(85,47,46,'Quia et in nulla occaecati.','1978-01-10 04:22:48','1998-08-27 02:07:22'),(86,20,74,'Hic molestiae porro quisquam iusto omnis ut.','1989-06-10 06:56:41','2005-09-08 13:59:10'),(87,16,63,'Labore neque quia placeat fuga ut.','1972-06-05 14:43:24','1995-06-25 09:09:01'),(88,64,29,'Totam alias deserunt rerum labore accusamus omnis.','2014-06-30 22:28:32','2020-09-12 12:38:38'),(89,68,78,'Corrupti quaerat error sint pariatur.','2014-07-03 03:17:06','1996-02-13 16:19:24'),(90,32,85,'Dignissimos saepe rerum distinctio quis velit occaecati.','2009-10-02 05:06:47','1984-07-19 06:21:43'),(91,63,99,'Dignissimos perspiciatis qui quaerat ut sed.','1978-04-04 19:26:10','2003-10-03 08:51:08'),(92,8,32,'Illum nihil est et sunt.','1997-03-06 04:36:26','2010-02-19 10:26:32'),(93,29,60,'Eius sequi facere voluptatem non facilis adipisci fuga culpa.','1980-06-10 01:21:14','1975-01-05 08:45:04'),(94,92,34,'Voluptas ut dolorem provident corporis sapiente ducimus ut.','1986-04-25 08:08:34','2020-04-13 17:11:51'),(95,86,9,'Harum et sint in eos quis quis at.','2007-01-05 22:11:48','2001-06-29 17:40:14'),(96,88,23,'Molestiae et qui rerum sunt.','1999-02-26 14:44:18','2004-02-16 21:03:01'),(97,33,39,'Quo a sed cupiditate nihil porro.','1995-12-30 17:03:55','1978-03-16 02:29:42'),(98,74,1,'Aut fugiat incidunt aut quia velit iusto.','1987-08-23 20:58:03','2004-05-06 15:02:56'),(99,24,62,'Voluptas placeat dolor nam commodi sed.','1983-08-22 20:14:46','1999-12-26 06:40:54'),(100,31,71,'Est quo omnis sint dolorem tempore alias sequi.','2013-11-18 23:26:12','1991-03-08 00:05:45');
/*!40000 ALTER TABLE `comments` ENABLE KEYS */;
UNLOCK TABLES;

--
-- Table structure for table `communities`
--

DROP TABLE IF EXISTS `communities`;
/*!40101 SET @saved_cs_client     = @@character_set_client */;
/*!50503 SET character_set_client = utf8mb4 */;
CREATE TABLE `communities` (
  `id` bigint unsigned NOT NULL AUTO_INCREMENT,
  `name` varchar(150) CHARACTER SET utf8 COLLATE utf8_unicode_ci DEFAULT NULL,
  PRIMARY KEY (`id`),
  KEY `name` (`name`)
) ENGINE=InnoDB AUTO_INCREMENT=31 DEFAULT CHARSET=utf8 COLLATE=utf8_unicode_ci;
/*!40101 SET character_set_client = @saved_cs_client */;

--
-- Dumping data for table `communities`
--

LOCK TABLES `communities` WRITE;
/*!40000 ALTER TABLE `communities` DISABLE KEYS */;
INSERT INTO `communities` VALUES (7,'aperiam'),(19,'consectetur'),(9,'consequuntur'),(21,'corporis'),(11,'deserunt'),(26,'eos'),(12,'facilis'),(28,'harum'),(10,'magnam'),(27,'nam'),(2,'nobis'),(22,'non'),(29,'odit'),(3,'omnis'),(13,'omnis'),(14,'quaerat'),(1,'qui'),(20,'quis'),(30,'quis'),(5,'quod'),(25,'ratione'),(8,'sed'),(16,'sint'),(17,'vel'),(24,'vel'),(4,'velit'),(15,'voluptas'),(18,'voluptatem'),(23,'voluptates'),(6,'voluptatum');
/*!40000 ALTER TABLE `communities` ENABLE KEYS */;
UNLOCK TABLES;

--
-- Table structure for table `friend_requests`
--

DROP TABLE IF EXISTS `friend_requests`;
/*!40101 SET @saved_cs_client     = @@character_set_client */;
/*!50503 SET character_set_client = utf8mb4 */;
CREATE TABLE `friend_requests` (
  `initiator_user_id` bigint unsigned NOT NULL,
  `target_user_id` bigint unsigned NOT NULL,
  `status` enum('requested','approved','unfriended','declined') CHARACTER SET utf8 COLLATE utf8_unicode_ci DEFAULT NULL,
  `requested_at` datetime DEFAULT CURRENT_TIMESTAMP,
  `confirmed_at` datetime DEFAULT CURRENT_TIMESTAMP ON UPDATE CURRENT_TIMESTAMP,
  PRIMARY KEY (`initiator_user_id`,`target_user_id`),
  KEY `initiator_user_id` (`initiator_user_id`),
  KEY `target_user_id` (`target_user_id`),
  CONSTRAINT `friend_requests_ibfk_1` FOREIGN KEY (`initiator_user_id`) REFERENCES `users` (`id`),
  CONSTRAINT `friend_requests_ibfk_2` FOREIGN KEY (`target_user_id`) REFERENCES `users` (`id`)
) ENGINE=InnoDB DEFAULT CHARSET=utf8 COLLATE=utf8_unicode_ci;
/*!40101 SET character_set_client = @saved_cs_client */;

--
-- Dumping data for table `friend_requests`
--

LOCK TABLES `friend_requests` WRITE;
/*!40000 ALTER TABLE `friend_requests` DISABLE KEYS */;
INSERT INTO `friend_requests` VALUES (1,67,'requested','2020-03-19 07:26:31','1996-04-07 23:49:16'),(1,72,'approved','2000-08-27 22:05:25','1977-03-31 19:06:06'),(1,73,'approved','2013-06-08 13:07:34','2004-01-25 12:51:59'),(3,93,'approved','1985-12-08 19:23:37','1976-12-01 19:05:46'),(5,34,'declined','2014-02-01 08:31:47','2017-05-11 23:50:34'),(5,93,'requested','2010-05-12 09:15:27','2003-05-13 11:15:07'),(7,30,'approved','1986-11-03 04:07:41','1970-05-03 19:21:32'),(7,58,'unfriended','2009-01-16 13:14:20','2008-05-18 03:25:16'),(7,71,'approved','1992-11-21 22:01:52','2009-08-02 19:46:54'),(16,3,'declined','1984-03-17 05:35:12','2006-02-26 12:58:20'),(16,93,'declined','2019-07-03 09:37:38','1992-09-02 05:51:31'),(16,96,'requested','1986-02-16 22:09:04','2008-12-15 11:37:22'),(17,88,'unfriended','1996-07-03 09:24:33','2019-06-20 23:14:54'),(18,83,'requested','1985-07-22 14:08:28','1971-08-04 15:46:47'),(18,90,'requested','2003-08-28 04:01:23','2007-03-27 13:25:14'),(20,47,'unfriended','2015-12-08 20:11:59','2000-04-11 04:42:39'),(20,96,'approved','2008-05-18 08:31:39','2008-08-10 01:41:01'),(22,2,'requested','1976-09-03 05:49:44','2016-06-30 13:15:33'),(22,21,'declined','1995-03-16 03:43:48','2000-03-01 07:24:57'),(26,69,'declined','1976-08-14 21:26:51','2015-06-01 11:02:01'),(27,85,'unfriended','2017-05-29 15:22:11','1988-02-10 11:31:17'),(29,23,'unfriended','1971-11-09 16:55:59','2013-09-04 16:33:14'),(30,1,'unfriended','2016-12-18 17:11:21','2020-02-15 05:04:20'),(31,34,'unfriended','2006-11-08 13:54:56','1990-11-04 17:10:48'),(32,74,'unfriended','1992-05-06 00:13:16','1997-09-28 05:58:29'),(34,82,'declined','1971-06-30 23:29:22','2009-04-14 20:23:18'),(35,87,'approved','2013-06-07 10:54:09','2010-10-01 17:16:28'),(35,93,'declined','2019-08-20 00:26:13','1976-09-30 07:36:02'),(36,83,'requested','1994-07-12 06:21:30','1974-03-06 00:04:48'),(37,2,'declined','1977-11-19 05:30:57','2003-05-20 23:46:38'),(37,13,'requested','1972-02-25 11:53:01','1993-11-18 18:19:47'),(37,78,'approved','1972-03-25 00:38:07','2007-10-17 12:38:16'),(39,15,'unfriended','1999-07-11 06:13:17','1996-11-18 07:55:05'),(39,95,'unfriended','2016-02-28 18:09:48','1975-05-07 20:30:41'),(41,2,'requested','1970-06-10 20:46:14','2008-12-26 08:11:45'),(42,44,'unfriended','2009-08-12 17:06:49','1995-05-04 04:19:37'),(42,63,'unfriended','1985-02-27 03:11:42','1978-12-08 01:30:48'),(43,14,'declined','1989-09-27 13:59:38','1984-02-08 07:55:55'),(44,4,'declined','2012-03-08 13:00:49','1979-03-11 04:54:06'),(46,55,'requested','2001-02-27 03:35:58','1970-01-02 17:41:15'),(46,70,'approved','1977-05-12 09:19:06','2000-09-01 13:50:53'),(47,14,'declined','1982-06-09 16:28:16','1977-08-16 21:03:04'),(47,87,'declined','1974-01-17 22:40:36','2012-05-12 23:53:23'),(48,29,'unfriended','1993-12-29 14:25:50','2004-04-16 11:02:56'),(49,39,'declined','1974-03-09 18:39:42','1999-06-16 17:44:43'),(50,23,'unfriended','2009-03-02 04:53:43','1991-03-19 20:05:43'),(50,69,'approved','2010-10-05 08:33:18','2011-09-07 11:05:10'),(53,30,'unfriended','2014-03-11 02:33:14','1972-09-02 15:30:43'),(53,93,'declined','1973-03-08 20:40:53','2019-11-12 21:55:50'),(53,94,'approved','1982-10-05 12:22:40','2019-03-03 01:56:30'),(54,34,'requested','2007-08-19 03:56:44','1999-12-22 21:56:44'),(54,45,'unfriended','1992-06-08 04:49:21','1991-02-09 06:23:29'),(55,57,'unfriended','1993-05-07 16:45:26','2018-05-12 20:45:34'),(56,50,'declined','2000-04-22 02:42:25','1991-06-21 08:22:08'),(56,99,'declined','2001-07-15 01:41:07','1977-09-30 14:09:32'),(57,17,'approved','1987-08-30 09:52:50','2012-07-29 04:06:55'),(57,35,'approved','1996-02-26 20:25:22','1976-06-14 17:40:26'),(58,76,'unfriended','1985-05-25 19:15:08','1974-08-26 04:25:28'),(62,9,'declined','2020-11-06 05:43:59','2007-07-02 21:01:14'),(65,93,'approved','1980-04-10 19:06:47','1988-04-16 01:00:47'),(66,72,'unfriended','1997-11-06 11:23:47','1999-05-01 19:54:30'),(66,75,'declined','1974-08-13 15:34:08','1996-03-28 23:32:09'),(67,18,'requested','1974-07-12 06:26:59','1974-08-02 12:25:11'),(67,83,'declined','2000-08-30 22:47:49','2007-10-12 23:00:03'),(68,53,'unfriended','2004-06-06 03:04:23','1987-11-02 04:09:18'),(68,58,'requested','2009-11-03 08:35:55','2008-06-08 01:23:58'),(70,2,'approved','1999-08-12 10:56:07','2005-06-29 22:12:42'),(70,5,'approved','1991-02-13 19:54:16','1983-11-08 02:26:11'),(71,6,'unfriended','2007-10-25 06:53:36','2013-03-18 19:53:47'),(71,28,'declined','2017-07-21 22:59:59','2000-04-05 01:19:20'),(72,18,'unfriended','2008-03-07 15:49:15','1997-11-06 00:49:06'),(72,30,'unfriended','1988-05-05 15:51:09','2001-04-12 16:41:36'),(72,36,'declined','2009-03-31 01:22:08','2003-09-06 15:01:19'),(72,61,'requested','1986-04-14 17:09:09','1983-03-22 12:31:00'),(74,60,'unfriended','2007-11-16 10:20:40','2003-07-08 12:42:36'),(75,56,'approved','1987-03-25 19:25:21','2015-07-15 20:35:13'),(75,74,'approved','2016-04-12 04:59:53','2000-08-12 11:20:35'),(75,96,'unfriended','1995-02-28 09:48:42','1991-10-31 05:08:48'),(76,4,'declined','1979-02-13 06:42:43','1979-10-02 17:39:05'),(77,83,'unfriended','2006-06-27 17:31:51','1994-10-03 12:16:05'),(78,37,'declined','1970-08-01 11:44:28','2016-12-08 03:24:21'),(78,74,'declined','1978-09-12 22:52:30','1978-02-13 13:54:24'),(80,33,'declined','1990-11-05 05:51:30','1990-06-23 05:30:03'),(80,39,'approved','2011-01-21 05:02:24','1994-06-05 18:39:58'),(82,50,'unfriended','2016-01-09 11:12:05','2010-09-24 13:02:08'),(82,96,'requested','1982-09-14 07:23:04','1989-08-20 04:15:32'),(82,98,'unfriended','1997-12-17 11:08:32','2010-12-18 06:37:26'),(82,99,'unfriended','2006-11-20 20:22:53','2016-01-25 23:03:36'),(83,77,'unfriended','2005-02-01 14:06:46','2012-01-20 07:07:15'),(86,38,'approved','1991-09-07 23:32:12','2018-06-27 01:31:16'),(86,42,'requested','2015-11-09 19:06:01','2008-10-19 19:42:35'),(86,52,'unfriended','1990-09-06 15:23:22','2016-02-24 08:07:03'),(88,87,'approved','2020-03-17 12:51:46','2005-02-22 15:32:49'),(89,5,'declined','2009-11-01 00:34:23','1984-05-07 13:47:27'),(90,65,'approved','1987-09-03 09:07:29','2008-10-09 16:26:05'),(94,27,'declined','1995-06-20 14:49:38','2001-05-21 15:23:19'),(95,82,'requested','2014-10-17 22:13:53','1982-12-31 23:11:20'),(97,53,'declined','2018-06-09 11:32:02','1993-09-03 10:26:42'),(100,25,'approved','1971-10-04 22:27:22','2000-07-22 02:08:14'),(100,95,'unfriended','1990-05-24 23:23:27','2004-05-23 22:56:29');
/*!40000 ALTER TABLE `friend_requests` ENABLE KEYS */;
UNLOCK TABLES;

--
-- Table structure for table `messages`
--

DROP TABLE IF EXISTS `messages`;
/*!40101 SET @saved_cs_client     = @@character_set_client */;
/*!50503 SET character_set_client = utf8mb4 */;
CREATE TABLE `messages` (
  `id` bigint unsigned NOT NULL AUTO_INCREMENT,
  `from_user_id` bigint unsigned NOT NULL,
  `to_user_id` bigint unsigned NOT NULL,
  `message` text CHARACTER SET utf8 COLLATE utf8_unicode_ci,
  `is_read` tinyint(1) DEFAULT '0',
  `created_at` datetime DEFAULT CURRENT_TIMESTAMP,
  PRIMARY KEY (`id`),
  KEY `from_user_id` (`from_user_id`),
  KEY `to_user_id` (`to_user_id`),
  CONSTRAINT `messages_ibfk_1` FOREIGN KEY (`from_user_id`) REFERENCES `users` (`id`),
  CONSTRAINT `messages_ibfk_2` FOREIGN KEY (`to_user_id`) REFERENCES `users` (`id`)
) ENGINE=InnoDB AUTO_INCREMENT=101 DEFAULT CHARSET=utf8 COLLATE=utf8_unicode_ci;
/*!40101 SET character_set_client = @saved_cs_client */;

--
-- Dumping data for table `messages`
--

LOCK TABLES `messages` WRITE;
/*!40000 ALTER TABLE `messages` DISABLE KEYS */;
INSERT INTO `messages` VALUES (1,73,68,'Molestiae voluptatem aperiam natus iste sit dolores optio. Explicabo fugiat explicabo sed ut in totam nulla. Et animi consequatur deserunt soluta praesentium veritatis similique. Enim sed aut qui error suscipit sunt dolor.',1,'2004-07-13 13:38:33'),(2,78,99,'Modi voluptatibus modi illum a et. Molestiae ipsum asperiores et doloribus unde. Est fugiat in aut quod voluptates.',1,'1976-01-13 10:48:43'),(3,19,82,'Esse architecto illum sit necessitatibus. Consectetur nemo autem pariatur rerum dolore est unde. Officia sunt quae asperiores accusantium fugiat omnis mollitia.',1,'1993-10-08 14:28:25'),(4,42,4,'Nobis veniam quo laborum et sequi eos dolor. Iure sed vero nemo dignissimos. Et dolorem dolores maiores doloremque sapiente nostrum libero inventore.',0,'1986-11-30 19:44:45'),(5,67,89,'Tenetur dolor facere esse exercitationem. Ad eveniet eligendi reprehenderit amet blanditiis impedit debitis sit. Recusandae rerum sit non qui architecto et.',0,'2009-08-01 13:45:34'),(6,75,97,'Quod id et possimus qui quaerat repudiandae consequuntur. Doloribus sit eum quas aliquam qui voluptatibus ipsa.',0,'2001-02-22 13:36:17'),(7,80,10,'Molestiae temporibus occaecati consequatur sit error sint. Minus officia inventore aut est temporibus nulla reprehenderit. Facere veniam voluptate praesentium repellat voluptas accusamus cumque et. Facilis harum rerum eum inventore tenetur. Dolor in quae impedit temporibus ratione quaerat consectetur neque.',1,'1982-10-20 11:00:14'),(8,5,18,'Fugit commodi consequuntur incidunt sed. Et modi eum ab expedita vel omnis perspiciatis dolor. Inventore maxime non aut atque reiciendis eius ut. Molestiae tempore natus voluptatum ex fuga voluptatibus. Cumque est adipisci veniam qui necessitatibus doloribus dolore earum.',1,'1976-08-14 11:36:51'),(9,3,41,'Consequatur quo sequi dolorum harum non delectus in et. Laboriosam harum modi qui. Reiciendis dolor quia delectus ut ipsa illum provident. Est beatae excepturi et itaque.',1,'2017-02-16 07:19:43'),(10,73,23,'Dolorem tenetur corrupti numquam pariatur reprehenderit. Nesciunt dolore quo soluta ea. Cum dolor vel ducimus porro ut veritatis quae. Fugit et quia doloremque eum.',0,'2016-02-19 13:04:18'),(11,52,51,'Perspiciatis corrupti ex ab qui fugiat corrupti. Facilis rem facilis facilis eum. Rem vero earum deleniti deserunt. Sit id vel nostrum non saepe.',1,'1984-09-26 12:48:40'),(12,51,17,'Sed velit omnis incidunt neque. Perferendis mollitia quia veniam eos blanditiis culpa sint aut. Nostrum at a iste et omnis deleniti.',0,'1972-01-08 12:38:46'),(13,24,67,'Ad sed rem non ut. Cum suscipit voluptate assumenda vero voluptates. Reiciendis qui quia hic alias ipsam a.',0,'2000-01-13 17:30:59'),(14,85,82,'Placeat porro dolor delectus est accusamus. Nostrum molestiae eos enim voluptas veniam. Et sequi similique omnis harum. Minima modi enim sint sint vero.',1,'1978-10-03 04:06:55'),(15,92,76,'Nam blanditiis illo sit voluptatem accusantium. Architecto ratione sed eos ipsam facere. Nesciunt magni dolores fugiat nam eos rerum commodi ipsum. Aut est sed cumque delectus et.',1,'2009-02-14 11:13:43'),(16,93,65,'Dolores sint placeat ut sed cum ut. Deserunt quis eaque at. Officia voluptatum voluptate inventore veniam voluptate aliquid possimus. Consequatur ea et tempora voluptatibus.',1,'2003-05-03 19:02:41'),(17,43,70,'Voluptate et autem non soluta cupiditate est. Non aspernatur nihil magnam doloremque laudantium voluptatem qui. Consectetur voluptas quisquam aut fugiat dolorum rerum. Voluptate enim officia quo quo. Doloremque sed ullam asperiores earum ratione.',0,'1995-12-11 18:21:18'),(18,63,62,'Est inventore porro ab non nesciunt. Sequi quae sunt ad aperiam ad a. Nostrum libero nisi nulla mollitia quo. Nobis aut veniam veniam sunt id corporis.',0,'1982-09-03 18:37:15'),(19,52,5,'Voluptate unde provident possimus molestiae nobis expedita expedita. Et similique vitae voluptatem qui qui facilis. Id praesentium quas cupiditate.',1,'1971-12-13 09:09:55'),(20,65,18,'Molestiae labore minima iure a et quia. Quo et eius in aspernatur commodi ipsa tenetur enim. Eaque ipsam quisquam aut accusantium. Error beatae architecto saepe.',0,'2013-08-22 01:16:49'),(21,93,40,'Neque numquam quis tempore sunt odio mollitia eos. Est et atque dolor perspiciatis voluptatem sint possimus.',0,'1999-01-01 21:29:33'),(22,15,72,'Rem quia et ea ipsam sapiente modi error voluptatem. Non laborum qui occaecati tempore eos aperiam. Magni sint aut error aliquam. Voluptate quaerat in ducimus aliquid in ut.',1,'2012-09-27 05:00:38'),(23,49,20,'Totam consequuntur minima ut. Dignissimos tempore quia rerum error. Placeat quos debitis et non neque id est. Suscipit et quod tempora est rerum officia.',1,'2006-05-31 09:34:57'),(24,90,51,'Aut in voluptatem et est. Doloremque delectus quia occaecati. Similique qui voluptatem ut placeat aut recusandae.',1,'1973-02-12 11:04:24'),(25,60,62,'Et consequatur et et sed. Fugiat omnis dicta voluptas quisquam.',1,'2017-11-22 02:40:49'),(26,73,11,'Perspiciatis quia quis quidem ut. Aperiam illum aliquam quas ducimus sit nam ab. Omnis voluptates sunt id itaque enim.',1,'1995-07-05 12:09:06'),(27,12,24,'Ut unde rerum nihil atque quia architecto. Consequatur omnis reiciendis hic magnam accusantium exercitationem consectetur. Omnis iure in omnis adipisci qui. Et vitae quas ipsam.',1,'2015-01-29 15:56:27'),(28,28,36,'Culpa voluptatem dolore nostrum aut fugit iure. Praesentium est occaecati veniam modi quibusdam quia similique. Voluptas sit atque libero qui. Eos id sit hic quis sint et.',0,'1981-04-03 14:11:25'),(29,91,12,'Et enim nobis sint fugit neque consequatur praesentium. Ducimus magnam quaerat debitis adipisci labore in officiis quibusdam. Saepe quaerat quo enim maxime reiciendis.',0,'1999-04-06 15:19:21'),(30,17,82,'Maiores sint suscipit recusandae sed. Maxime modi culpa et dolorem eaque qui. Nihil culpa cumque excepturi quam qui dolores non.',0,'2010-08-07 21:14:50'),(31,87,10,'Porro harum dolor autem dolorem iure. Sed minima non et quidem.',0,'1999-11-21 08:00:11'),(32,46,30,'Illum id laboriosam suscipit sunt quis. Voluptatem sint nam illum esse tenetur numquam. Assumenda quae voluptatum iusto officia neque blanditiis.',1,'2002-11-02 01:12:25'),(33,80,9,'Ipsa provident nam iste saepe totam dolore voluptas. Consequatur nemo harum et voluptatem sed ut voluptates. Voluptate est sit perspiciatis dolore omnis. Aliquam voluptas facilis esse consequatur qui laboriosam labore quod.',0,'1995-02-16 12:52:49'),(34,91,32,'Consequatur et facilis voluptatum voluptate ullam. Doloribus sit explicabo accusantium officiis quis in repellat. Ullam dolorem voluptatem temporibus sint repellendus dolor. Sint aperiam vero et. Eaque enim asperiores praesentium.',0,'2012-10-20 15:51:51'),(35,13,55,'Itaque sapiente repudiandae nisi aperiam consectetur et et ut. Non voluptatibus distinctio dolores autem inventore quia. Enim sequi recusandae ducimus quos consequuntur unde ut. Eligendi quas enim praesentium sunt.',0,'2002-09-20 13:42:52'),(36,49,6,'Sed laborum eligendi non. Doloribus ipsa repudiandae maxime saepe. Asperiores ex magni reiciendis eaque a. Debitis ea voluptatum architecto.',1,'1986-03-06 00:22:15'),(37,94,64,'Consequuntur et tempora ut earum distinctio. Qui consequuntur repellendus aliquid ut. Laudantium assumenda tempora et qui. Sunt nostrum et asperiores earum eum.',0,'1975-11-07 14:27:05'),(38,78,42,'Fugit velit ut voluptatibus asperiores debitis qui. In debitis qui aut dolor. Voluptas omnis fugiat est accusantium velit.',1,'2014-11-23 02:43:02'),(39,83,67,'Ab facilis sit consequatur recusandae. A qui modi dicta dolores voluptatem nisi et deleniti. Explicabo neque cum numquam enim a asperiores. Qui consequatur voluptas dolores et ut sunt aut.',1,'2020-08-04 09:48:11'),(40,93,42,'Nisi aut vitae et ea laboriosam. Quibusdam enim maxime eaque nihil iure. Rerum illo vel id quia repellat.',0,'1982-06-02 01:01:48'),(41,29,66,'Explicabo praesentium vel et. Exercitationem dolor est debitis eos labore et. Omnis in eligendi adipisci voluptatum.',1,'1995-03-10 20:25:51'),(42,53,41,'Qui et et sunt blanditiis. Quo impedit reiciendis dolorem. Illum animi facere itaque dolorem odio. Tenetur qui dolor consequatur aut temporibus dolore sit. Earum aut nesciunt unde omnis ex.',0,'2004-12-24 23:43:27'),(43,89,80,'Deserunt qui adipisci est eos porro enim molestiae. Reiciendis ad aliquam illo alias. Dicta quo est quod cum dolores dolor dignissimos. Error commodi explicabo adipisci repellat quae.',0,'1998-07-06 11:49:46'),(44,76,80,'Laborum mollitia non et et molestias. Autem accusantium blanditiis neque vel reprehenderit ut id. Ab ipsum quas deserunt veniam praesentium neque commodi. Similique dolores sequi in consequatur et nihil quia et.',1,'1980-11-12 19:07:32'),(45,92,93,'Sapiente natus enim quia. Est sapiente accusantium odit cumque. Aut est est et iusto. Ab suscipit accusamus quod quasi maiores debitis dolor asperiores.',0,'2017-12-28 01:56:35'),(46,62,78,'Suscipit vel tempora enim impedit accusantium asperiores dolor aut. Eos aut non quasi ut et necessitatibus doloremque. Expedita dolore ab quidem soluta impedit nobis tenetur.',0,'2004-04-23 19:43:04'),(47,2,7,'Qui iste repudiandae assumenda tempora molestiae ex. Quae excepturi debitis similique sed ad. Officia officia magni necessitatibus qui.',1,'1998-11-01 16:58:17'),(48,7,82,'Consectetur eveniet sint omnis soluta. Sint esse ex ipsa eaque.',1,'2006-04-13 19:06:16'),(49,16,98,'Ab error voluptas labore. Illo sit ipsam non consequatur. Corporis nobis nulla est ut occaecati quod.',1,'1972-10-15 04:42:09'),(50,13,29,'Repellat et ea ea molestiae eligendi maxime. Est animi doloribus voluptates et repudiandae aut. Sunt ea repudiandae at possimus dolores. Dolore tenetur nobis quidem nisi. Animi et est alias et excepturi harum nihil.',1,'2010-10-29 20:24:35'),(51,52,62,'Delectus animi enim ipsam id explicabo non fuga. Ut minus assumenda ut laboriosam. Consectetur quisquam placeat totam qui perspiciatis necessitatibus expedita excepturi. Modi harum omnis voluptatem ut est cupiditate eaque.',0,'2004-10-15 14:24:51'),(52,34,45,'Quia qui aut porro et placeat rerum ut. Consequatur architecto et et modi iste est aliquid. Laborum ut aspernatur et earum ipsa sit saepe. Sed voluptas quidem ut eos.',0,'1981-04-03 09:56:56'),(53,25,11,'Molestias quos impedit tempora vel modi praesentium. Quos assumenda exercitationem cum. Deserunt odit vero officia voluptatem et. Modi rerum officia aut sunt. Voluptate nesciunt id ducimus incidunt voluptas nobis.',0,'2009-11-27 10:44:30'),(54,87,7,'Ipsam qui omnis tenetur illum sint numquam non. Iste inventore vel aut praesentium quia harum aliquam corporis. Non minus unde illum error deserunt eum eos quod. Aut facere minus rerum unde. Expedita molestias atque nulla magni ratione reprehenderit ab ut.',1,'1973-12-11 18:52:41'),(55,78,80,'Repudiandae maxime reprehenderit ratione facere voluptatum veritatis. Soluta molestiae nam porro quisquam quo debitis harum. Sed ipsam consequatur iusto reprehenderit exercitationem. Voluptatem quidem quod nostrum at soluta et.',0,'1994-03-05 16:25:34'),(56,49,6,'Dolor quia laborum ut eos deleniti similique natus neque. Numquam voluptas ad et repudiandae impedit voluptatum. Tenetur deleniti qui mollitia qui voluptates quae. Libero facilis quibusdam in a qui.',1,'1983-10-24 18:18:18'),(57,45,2,'Voluptas pariatur est nobis asperiores in officia. Ipsum ab est mollitia repellat enim cupiditate. Iste esse aut et fugit perspiciatis.',1,'1981-11-29 14:00:25'),(58,46,34,'Temporibus nostrum reiciendis occaecati. Repudiandae repellat laboriosam voluptates debitis. Ut ut et a eos occaecati.',1,'2009-05-14 01:45:28'),(59,82,22,'Soluta hic corrupti tempora dolores culpa. Et pariatur eos sunt placeat excepturi esse. Quo qui sint reprehenderit eaque ad odit eaque. Optio nobis officiis debitis ut neque ipsum consequuntur.',1,'1987-03-27 01:46:45'),(60,14,73,'Nulla rerum quo ex consequatur quo. Qui natus rerum aut eum pariatur tenetur a sed. Sapiente ducimus dolor et in. Quia et provident et ut.',1,'2009-10-04 22:33:16'),(61,14,75,'Et provident quis minima molestiae placeat. Tempora ex consequatur libero dolores. Tenetur assumenda eum est numquam nemo.',0,'2019-10-14 14:03:27'),(62,51,16,'Praesentium placeat id soluta libero temporibus. Vel quibusdam maiores praesentium itaque. Impedit ipsa et doloribus omnis eos.',1,'1981-08-18 07:27:48'),(63,82,58,'Dolores itaque et quisquam fuga quasi. Suscipit reiciendis nulla quibusdam molestias. Vel accusantium voluptate sed et eveniet accusantium occaecati. Alias expedita distinctio tenetur laudantium.',1,'2009-02-15 02:48:26'),(64,97,97,'Pariatur illum ad alias ut. Occaecati dignissimos dolores dolorem nihil aut est.',1,'2015-10-18 01:28:25'),(65,55,9,'Eaque nemo accusantium voluptatem sed sit nisi ut aut. Error tenetur non veritatis ex hic assumenda et. Aut quaerat a quo. Aut cumque inventore quos laudantium.',0,'1975-03-19 12:39:40'),(66,25,6,'Est culpa dolorem beatae ducimus. Voluptate sapiente qui labore aut perspiciatis. Harum optio tempora aspernatur at ipsa. Aut ullam aut alias occaecati et et rerum doloremque. Temporibus quo unde quia perferendis ullam.',1,'1991-07-01 09:20:31'),(67,70,59,'Consequuntur natus impedit ad aut error veniam. Quia ipsa blanditiis molestiae reiciendis. Aliquam molestias aliquid veniam tempora.',0,'1986-11-09 23:52:14'),(68,51,95,'Sed quas et adipisci et voluptas. Reprehenderit voluptatem velit et.',1,'1999-12-01 01:19:06'),(69,69,38,'Sit atque quisquam voluptates. Dolor quasi rerum aliquid enim exercitationem. Ipsam dignissimos illum sed.',1,'2006-03-08 15:22:52'),(70,1,47,'Repudiandae fugiat officiis suscipit optio ea et qui delectus. Quasi recusandae molestiae dolorem hic. Totam sit facere optio qui. Ut dolore necessitatibus ex alias soluta cum asperiores.',1,'2004-04-22 03:41:50'),(71,17,50,'Nihil quas distinctio quos quidem molestias. Debitis voluptatum et ipsam in tempore.',0,'1991-09-19 05:00:38'),(72,52,62,'Dolores soluta et voluptatem cupiditate vero. Similique dicta suscipit magni qui distinctio. Praesentium sint modi eaque velit et eum. Corporis sapiente facilis debitis tenetur nemo a ipsam.',1,'2014-12-13 09:53:04'),(73,51,98,'Recusandae doloribus est explicabo quo aut voluptatibus labore. Quae dicta iure sed vel voluptates iusto et. Ex optio iure nihil quia repudiandae perspiciatis. Porro veritatis eum dolores voluptate.',1,'1980-12-22 20:48:16'),(74,96,32,'Ipsa ipsum ratione voluptatem officiis. Aliquid dignissimos est natus consequuntur fugiat. Pariatur autem voluptatem eius itaque vitae nobis cumque.',1,'2020-05-11 21:19:23'),(75,19,9,'In et ducimus libero architecto et repellendus. Quae illo rerum eum minima qui dolores sunt. Beatae sed numquam non non dolorem quia.',0,'1976-11-29 20:03:16'),(76,5,33,'Et quam autem natus libero doloribus inventore inventore. Rem illo quo ut laudantium. Accusantium officiis aliquam inventore numquam eius ex aut. Deserunt et aut debitis rerum quos.',1,'2013-10-10 15:23:58'),(77,83,55,'Sapiente cumque ipsam dolor ipsum asperiores. Tempora ea iusto soluta molestiae qui facilis. Explicabo vero exercitationem qui provident dolores eligendi.',1,'2004-12-21 13:30:05'),(78,49,64,'Quos vitae perspiciatis quibusdam quaerat. Ad voluptatem culpa aspernatur omnis tenetur. Sunt aperiam dolorum ut quisquam exercitationem qui. Eum delectus sint aspernatur numquam.',0,'1976-10-27 16:22:12'),(79,12,45,'Consequatur voluptate qui autem aliquid rerum rerum laborum. Consequuntur culpa nihil repellendus. Ipsum ipsa eos temporibus quia unde. Corporis cupiditate mollitia quo expedita.',0,'2001-09-17 08:39:53'),(80,61,66,'Aut dolor tempore eius occaecati. Quidem alias quia enim est quis enim repudiandae. Delectus ipsam corporis qui et architecto fugiat. Et occaecati labore sint quos magni consequatur.',1,'1983-10-01 21:08:23'),(81,54,85,'Aut saepe aliquid earum velit. Nemo alias quidem aspernatur. Ut quod consequatur nemo. Ea corporis harum eaque odio ad aut harum.',0,'1972-12-04 17:03:08'),(82,72,24,'Sunt unde dicta iusto libero tempore totam. Et voluptatem rem alias nostrum. Quia laboriosam culpa sed minima occaecati. Ad est magnam eum recusandae et. Dolorem et laborum dolores.',1,'2015-05-14 14:56:26'),(83,44,22,'Consequatur maxime quas fuga vero voluptas laboriosam voluptatem. Commodi possimus tenetur eveniet eum sed consequuntur eaque impedit. Qui consequuntur quia quia iste fuga voluptatem ut.',1,'1996-07-20 18:53:02'),(84,18,12,'Temporibus odit beatae quis rem perferendis. Quaerat sint facilis aut est et. Possimus sapiente et illo tempore quas officia. Quis sunt qui suscipit error a.',1,'2006-04-28 01:56:41'),(85,60,18,'Voluptatem ea dolorum ratione quo tempora. Molestiae laborum repudiandae est illo voluptas quidem at. Eos aperiam id voluptatibus sint ducimus. Culpa aliquid nostrum et quos tempora.',0,'1982-10-29 23:34:19'),(86,59,77,'Ducimus numquam rem ea modi et ab dignissimos pariatur. Alias illo voluptates voluptas debitis. Magni neque aut et itaque nostrum.',1,'2014-06-02 03:04:40'),(87,67,11,'Deleniti consequatur dolores asperiores enim dolorum. Officiis consequatur vel dolor quia id. Quia quam dignissimos et tempore.',0,'2008-10-30 11:12:35'),(88,39,18,'Nihil nulla in aut cupiditate dolorum blanditiis. Neque enim doloremque minima quidem mollitia voluptatibus voluptas. Aut dignissimos odit minima repellat exercitationem dignissimos odit.',1,'1994-03-29 14:28:57'),(89,8,34,'Incidunt sit omnis vitae non recusandae. Dolorem deleniti non et enim dolor. Odit quidem recusandae odit magnam voluptate quos libero. Nemo et iste doloremque commodi quis sit debitis. Nihil quo nemo quidem omnis architecto.',0,'2003-03-16 16:06:52'),(90,50,27,'Eveniet et nisi alias veritatis dignissimos quidem sequi. Ipsum ut repudiandae et maiores alias unde. Aut quisquam reprehenderit aut deserunt nam exercitationem soluta.',0,'2006-01-23 20:20:01'),(91,43,54,'Ratione expedita et consequatur earum sint quia. Aut nostrum non eum et omnis autem qui. Perferendis alias dolores delectus aut libero vel quasi assumenda. Voluptas non repellat dicta est ad repudiandae.',1,'2017-06-13 05:31:52'),(92,59,26,'Eveniet reiciendis necessitatibus sunt. Doloribus nihil dolore iure iusto dicta provident ratione aperiam. Eveniet aliquid veritatis dolorem nihil voluptatem eos. Sed perferendis illo quis sit occaecati iure.',0,'2001-01-12 12:25:44'),(93,8,7,'Magni aut aut et quo. Eligendi non labore quia qui sit.',0,'2010-07-08 06:19:30'),(94,90,19,'Voluptatem et aut quis repudiandae quibusdam odit nihil. Aut excepturi aspernatur dolore culpa itaque in. Magnam ipsam dolores recusandae odio modi ipsum.',1,'1999-03-21 14:35:16'),(95,52,50,'Placeat aliquam est animi et inventore. Cupiditate consequatur quam blanditiis consequatur et. Eos dolor reiciendis temporibus nihil quae. Qui voluptatum voluptas autem ipsam molestiae dolore.',1,'2011-02-12 20:04:30'),(96,85,6,'Mollitia illum non nihil. Deleniti perspiciatis sunt officiis sequi laudantium reiciendis quae quod. Vel deserunt nemo non.',1,'1978-12-30 03:02:34'),(97,35,56,'Non iusto eos et. Ut laborum ut eaque voluptas. Doloribus id dignissimos quae maiores quas sint sint.',1,'1985-10-05 01:08:04'),(98,29,78,'Distinctio nostrum nostrum qui cumque et dolor. Nostrum nostrum hic qui voluptatem est voluptatibus aliquid. Quia dicta unde quisquam similique eligendi dolores qui.',0,'1984-07-28 19:03:17'),(99,78,46,'Cupiditate eum quod pariatur aut ratione omnis explicabo. Atque voluptatum qui dignissimos accusantium eos aut. Omnis aliquid adipisci vel consequatur atque voluptatibus neque.',1,'2007-03-09 13:47:26'),(100,90,38,'Vel molestias nemo facere magni. Soluta ex molestiae culpa quaerat. Quisquam totam aperiam dolor et. Occaecati alias eius voluptatibus aperiam fugit.',0,'1974-05-12 12:43:41');
/*!40000 ALTER TABLE `messages` ENABLE KEYS */;
UNLOCK TABLES;

--
-- Table structure for table `photo_likes`
--

DROP TABLE IF EXISTS `photo_likes`;
/*!40101 SET @saved_cs_client     = @@character_set_client */;
/*!50503 SET character_set_client = utf8mb4 */;
CREATE TABLE `photo_likes` (
  `from_user_id` bigint unsigned NOT NULL,
  `photo_id` bigint unsigned NOT NULL,
  `created_at` datetime DEFAULT CURRENT_TIMESTAMP,
  `is_removed` tinyint(1) DEFAULT '0',
  PRIMARY KEY (`from_user_id`,`photo_id`),
  KEY `photo_id` (`photo_id`),
  CONSTRAINT `photo_likes_ibfk_1` FOREIGN KEY (`from_user_id`) REFERENCES `users` (`id`),
  CONSTRAINT `photo_likes_ibfk_2` FOREIGN KEY (`photo_id`) REFERENCES `photos` (`id`)
) ENGINE=InnoDB DEFAULT CHARSET=utf8 COLLATE=utf8_unicode_ci;
/*!40101 SET character_set_client = @saved_cs_client */;

--
-- Dumping data for table `photo_likes`
--

LOCK TABLES `photo_likes` WRITE;
/*!40000 ALTER TABLE `photo_likes` DISABLE KEYS */;
INSERT INTO `photo_likes` VALUES (1,42,'1999-05-15 02:29:35',0),(3,85,'1993-05-01 20:49:31',0),(4,72,'2019-12-30 08:01:26',1),(5,16,'2010-01-04 00:01:24',0),(5,24,'2015-02-04 04:21:47',1),(5,56,'1992-07-13 01:11:56',1),(5,76,'2004-05-06 05:53:27',1),(7,10,'2011-10-11 23:28:33',0),(8,25,'2008-04-21 00:36:32',1),(9,33,'1981-12-22 14:24:54',1),(10,25,'1974-11-29 09:57:32',1),(11,68,'1981-10-13 16:45:39',0),(12,2,'2004-04-11 05:15:40',1),(12,18,'1975-04-13 23:11:03',0),(12,96,'1977-03-28 08:15:15',0),(13,78,'1987-08-30 19:19:20',0),(15,20,'2016-06-19 10:53:44',0),(15,75,'2013-02-28 23:07:35',0),(16,9,'1990-08-25 03:50:40',1),(16,98,'2001-05-20 11:01:07',0),(17,70,'1973-08-26 14:20:58',0),(19,79,'1999-11-04 03:23:39',0),(20,29,'1988-11-16 02:24:57',1),(22,36,'2019-02-08 01:55:24',0),(23,41,'1993-09-08 04:24:34',1),(26,42,'1979-05-26 08:15:49',1),(27,100,'2014-08-28 22:42:22',0),(30,16,'1972-06-28 14:08:59',0),(30,80,'1975-04-06 18:33:31',0),(32,46,'2009-01-04 01:56:43',1),(32,100,'2016-11-19 21:46:17',1),(33,36,'2013-05-28 21:36:16',0),(34,16,'1986-11-10 12:52:41',0),(34,97,'2012-03-04 09:06:27',0),(37,59,'1980-06-07 18:23:33',1),(38,4,'1975-03-17 03:52:01',0),(38,35,'2001-12-02 08:01:18',1),(38,98,'1971-10-10 08:47:14',1),(39,48,'2017-05-19 21:47:47',0),(42,35,'1975-03-25 12:32:55',0),(43,9,'2015-11-03 20:53:22',0),(45,41,'2000-04-28 11:50:20',0),(46,68,'1972-03-30 11:27:57',1),(46,95,'1982-05-18 00:41:18',0),(48,5,'2020-04-11 11:14:26',1),(48,86,'1979-04-22 06:50:43',0),(48,94,'1988-07-28 15:59:33',1),(50,42,'1975-02-04 08:28:04',0),(52,37,'1993-10-21 18:16:13',0),(52,38,'2014-05-09 11:57:46',0),(53,60,'1985-12-22 07:18:50',0),(53,65,'1977-05-10 20:40:34',1),(53,70,'1982-03-07 01:26:08',0),(53,87,'1971-08-04 23:36:29',1),(54,58,'2012-06-23 01:01:18',1),(56,72,'2019-09-20 17:30:53',1),(57,56,'1996-04-03 02:34:28',1),(62,49,'2004-05-10 14:43:23',1),(64,1,'1982-04-10 14:38:23',1),(64,67,'1980-09-29 01:51:56',1),(65,31,'1970-10-10 15:42:37',1),(67,80,'1984-08-20 04:19:44',0),(68,6,'2010-07-02 01:23:35',0),(68,21,'1971-03-19 04:13:01',1),(68,32,'2011-04-21 06:21:04',1),(68,93,'2018-10-17 21:06:25',0),(69,63,'1990-06-22 12:17:50',0),(71,91,'1985-04-23 02:47:52',1),(72,45,'2014-04-01 15:23:47',0),(75,68,'1987-06-03 01:30:24',0),(75,87,'2018-11-26 19:24:22',0),(75,99,'2013-11-24 03:59:36',0),(76,12,'1993-01-23 18:58:43',1),(76,26,'1975-05-30 03:16:11',1),(76,73,'1970-09-07 17:44:33',1),(77,87,'2005-06-25 06:42:15',1),(78,27,'1996-06-15 17:39:38',1),(79,41,'1994-05-27 15:26:15',0),(83,61,'2010-11-01 13:50:51',1),(85,39,'2005-08-27 03:14:11',0),(86,23,'2019-01-20 12:03:05',1),(87,65,'1991-11-27 20:19:43',0),(88,33,'1975-01-03 15:53:58',0),(88,80,'1976-07-18 16:08:07',0),(89,7,'1998-09-08 17:25:34',1),(90,3,'1995-02-25 09:01:51',0),(90,32,'1975-03-20 05:59:00',0),(91,11,'2003-09-18 07:53:46',0),(91,86,'2005-03-23 03:58:14',0),(91,88,'2003-02-27 13:15:05',1),(92,19,'1993-05-03 05:06:23',1),(92,85,'2003-09-14 09:36:06',0),(94,39,'1986-06-23 16:37:58',1),(96,44,'2019-06-08 14:34:09',1),(96,65,'2001-04-10 19:06:20',0),(97,49,'1994-08-23 08:38:06',1),(98,2,'2020-07-14 14:04:01',0),(98,51,'1984-02-03 06:58:23',1),(100,72,'2009-11-13 11:42:40',0);
/*!40000 ALTER TABLE `photo_likes` ENABLE KEYS */;
UNLOCK TABLES;

--
-- Table structure for table `photos`
--

DROP TABLE IF EXISTS `photos`;
/*!40101 SET @saved_cs_client     = @@character_set_client */;
/*!50503 SET character_set_client = utf8mb4 */;
CREATE TABLE `photos` (
  `id` bigint unsigned NOT NULL AUTO_INCREMENT,
  `filename` varchar(200) CHARACTER SET utf8 COLLATE utf8_unicode_ci DEFAULT NULL,
  `user_id` bigint unsigned NOT NULL,
  `description` text CHARACTER SET utf8 COLLATE utf8_unicode_ci,
  `created_at` datetime DEFAULT CURRENT_TIMESTAMP,
  PRIMARY KEY (`id`),
  KEY `user_id` (`user_id`),
  CONSTRAINT `photos_ibfk_1` FOREIGN KEY (`user_id`) REFERENCES `users` (`id`)
) ENGINE=InnoDB AUTO_INCREMENT=101 DEFAULT CHARSET=utf8 COLLATE=utf8_unicode_ci;
/*!40101 SET character_set_client = @saved_cs_client */;

--
-- Dumping data for table `photos`
--

LOCK TABLES `photos` WRITE;
/*!40000 ALTER TABLE `photos` DISABLE KEYS */;
INSERT INTO `photos` VALUES (1,'e2ae91c578b8821cda09a389cf0d64ea',67,'Dormouse, after thinking a minute or two, which gave the Pigeon in a minute, nurse! But I\'ve got to?\' (Alice had no idea how confusing it is almost certain to disagree with you, sooner or later..','1972-02-26 20:19:02'),(2,'7a50503ea351f038f05a63b3a12ccbe1',73,'There was a very grave voice, \'until all the time at the Duchess by this very sudden change, but she felt sure it would be offended again. \'Mine is a very good height indeed!\' said the Queen, who.','1985-08-01 10:07:00'),(3,'45465650afd6e1be50909c3ea54300e1',32,'Oh, my dear paws! Oh my fur and whiskers! She\'ll get me executed, as sure as ferrets are ferrets! Where CAN I have ordered\'; and she did not sneeze, were the verses to himself: \'\"WE KNOW IT TO BE.','1997-07-16 21:53:35'),(4,'8507cc441bc357cd45b7b0e5d3449bd5',86,'How she longed to change the subject of conversation. While she was dozing off, and she told her sister, as well as she went on, taking first one side and then quietly marched off after the candle.','2006-08-06 03:24:16'),(5,'f698cb97452369d66c02339b33af4b6f',79,'I ask! It\'s always six o\'clock now.\' A bright idea came into her eyes--and still as she swam about, trying to explain it as she could. The next witness would be so kind,\' Alice replied, rather.','1979-11-25 15:48:30'),(6,'26256e73f6fde7454572e111ff8e6ae5',89,'Alice replied in a tone of great surprise. \'Of course you know why it\'s called a whiting?\' \'I never could abide figures!\' And with that she had a little three-legged table, all made of solid glass;.','1999-11-24 19:21:04'),(7,'1804c8bf8360e4533d2917f13823724d',75,'The three soldiers wandered about in the pool, \'and she sits purring so nicely by the time she went slowly after it: \'I never went to the porpoise, \"Keep back, please: we don\'t want to go! Let me.','1979-11-15 11:16:47'),(8,'b0be8153f5017c9f6e1f7bec788f79f3',31,'March Hare will be When they take us up and straightening itself out again, so she turned away. \'Come back!\' the Caterpillar called after her. \'I\'ve something important to say!\' This sounded.','1987-08-18 10:34:25'),(9,'322af314b78d4ab9a69757d10cfcc1a4',8,'Alice could see it pop down a very little way out of his head. But at any rate I\'ll never go THERE again!\' said Alice very meekly: \'I\'m growing.\' \'You\'ve no right to grow up any more questions about.','2017-04-18 06:40:32'),(10,'29dbcd10002228bacf7c7b2f12ea119f',62,'I can\'t tell you my adventures--beginning from this morning,\' said Alice to herself. At this moment Alice appeared, she was considering in her face, with such a wretched height to be.\' \'It is a.','1995-06-28 06:45:24'),(11,'09b9f7c59b514cece22573c26b58f1fd',84,'Alice went on without attending to her; \'but those serpents! There\'s no pleasing them!\' Alice was rather doubtful whether she ought to tell him. \'A nice muddle their slates\'ll be in Bill\'s place for.','1978-02-08 17:03:33'),(12,'f4054aa3379bfc2c5c79577fdb153dad',16,'Mock Turtle. \'Hold your tongue!\' added the Gryphon, \'you first form into a tree. \'Did you speak?\' \'Not I!\' he replied. \'We quarrelled last March--just before HE went mad, you know--\' She had not a.','1997-07-29 05:26:24'),(13,'333ea79ca3ba48e0f2c43c13355422d7',27,'Alice in a great hurry. An enormous puppy was looking up into hers--she could hear the words:-- \'I speak severely to my jaw, Has lasted the rest of the day; and this was his first remark, \'It was.','2017-11-06 02:25:53'),(14,'7f623d00555d14f1ab2a7bd9937bae58',45,'However, he consented to go with Edgar Atheling to meet William and offer him the crown. William\'s conduct at first she thought to herself. Imagine her surprise, when the tide rises and sharks are.','1990-11-25 00:02:03'),(15,'4ed227fe32bf3e0493ae1e79eeba0e95',68,'I think that proved it at all,\' said the Gryphon, \'you first form into a chrysalis--you will some day, you know--and then after that savage Queen: so she helped herself to about two feet high, and.','1992-10-13 08:07:42'),(16,'2af0650276dc32e69a076e712156e445',67,'Caterpillar called after her. \'I\'ve something important to say!\' This sounded promising, certainly: Alice turned and came back again. \'Keep your temper,\' said the White Rabbit, jumping up in a low,.','1996-07-03 05:39:43'),(17,'32ad2996d6e7f0f2cce9a08696218a94',23,'Mock Turtle at last, and they can\'t prove I did: there\'s no harm in trying.\' So she stood looking at everything that Alice had never seen such a capital one for catching mice you can\'t take LESS,\'.','1987-02-20 03:19:50'),(18,'19eca8e74efae0da9bb419f42e88a2cc',95,'When she got up, and reduced the answer to it?\' said the Duchess, \'as pigs have to beat time when I got up and beg for its dinner, and all the way the people that walk with their hands and feet at.','1972-09-07 18:38:10'),(19,'978e49fb560a86ca04cc1b786cc05f47',100,'The Dormouse shook its head to hide a smile: some of YOUR business, Two!\' said Seven. \'Yes, it IS his business!\' said Five, \'and I\'ll tell him--it was for bringing the cook tulip-roots instead of.','1986-05-11 23:25:56'),(20,'fec0dab8d47eb66ce98ed66496f56420',70,'Hush!\' said the Cat. \'--so long as it was only the pepper that makes the world you fly, Like a tea-tray in the world go round!\"\' \'Somebody said,\' Alice whispered, \'that it\'s done by everybody.','1999-02-08 02:19:16'),(21,'660da7000d5849e2d69d5cb6112e43f6',60,'Mock Turtle with a sigh: \'he taught Laughing and Grief, they used to know. Let me think: was I the same thing,\' said the Mock Turtle\'s heavy sobs. Lastly, she pictured to herself that perhaps it was.','1982-01-05 10:05:37'),(22,'ff86c5a0924f4efaa2dfc8daea7fa1ae',14,'I\'ll tell you my history, and you\'ll understand why it is I hate cats and dogs.\' It was so small as this is May it won\'t be raving mad after all! I almost think I can creep under the sea,\' the.','1989-01-27 22:21:33'),(23,'7baaa88faaeee5a78051f0c9ce41d131',19,'Rabbit say to itself \'The Duchess! The Duchess! Oh my dear paws! Oh my fur and whiskers! She\'ll get me executed, as sure as ferrets are ferrets! Where CAN I have to go and get ready to agree to.','1988-10-03 08:56:01'),(24,'e5e3419de96210c337d4e15d152de9a8',58,'I can\'t tell you just now what the flame of a candle is blown out, for she was holding, and she tried the little golden key, and Alice\'s first thought was that you weren\'t to talk nonsense. The.','2012-04-27 17:49:36'),(25,'efe57df4d80df70d3b0fb2a01c96652c',81,'Alice was just going to begin at HIS time of life. The King\'s argument was, that you never had to sing this:-- \'Beautiful Soup, so rich and green, Waiting in a rather offended tone, \'was, that the.','1976-03-06 20:28:21'),(26,'6d45502a72311d6f1be12e3620eca9ab',52,'Quadrille, that she had plenty of time as she ran. \'How surprised he\'ll be when he finds out who was sitting next to her. The Cat only grinned when it grunted again, and went to the jury. They were.','1978-10-07 14:06:18'),(27,'4e64ebafcd33c2b9c3e6f246504a47c4',93,'Alice replied, rather shyly, \'I--I hardly know, sir, just at first, but, after watching it a very poor speaker,\' said the Mouse, getting up and picking the daisies, when suddenly a White Rabbit blew.','2005-02-20 12:34:25'),(28,'92634ba018201b490baa475e9ab681e1',100,'White Rabbit read out, at the sides of it; then Alice dodged behind a great hurry; \'this paper has just been picked up.\' \'What\'s in it?\' said the voice. \'Fetch me my gloves this moment!\' Then came a.','1990-08-04 13:10:33'),(29,'de16292bf2c06a691c6d4689acd3a606',91,'Hatter trembled so, that he had never before seen a good many little girls in my size; and as for the baby, the shriek of the song, she kept on good terms with him, he\'d do almost anything you liked.','1973-07-18 04:18:15'),(30,'1af16b77c030c7016f7f14e549dd81c5',2,'I\'d taken the highest tree in the air. Even the Duchess was VERY ugly; and secondly, because they\'re making such VERY short remarks, and she at once set to work very diligently to write out a.','1992-11-29 19:27:30'),(31,'9e376960099248ac60fd7d44ec0b2f9f',28,'Christmas.\' And she opened the door with his head!\' or \'Off with her head!\' Alice glanced rather anxiously at the Queen, but she thought at first she would feel very queer to ME.\' \'You!\' said the.','1990-05-09 22:00:37'),(32,'59f631a285052b0367afaab0121af99d',57,'I hadn\'t mentioned Dinah!\' she said aloud. \'I must go by the White Rabbit, trotting slowly back again, and Alice joined the procession, wondering very much to-night, I should frighten them out with.','1978-07-16 05:23:08'),(33,'80f18345b2de9e34d95d33b6538a4414',75,'ME\' beautifully printed on it were nine o\'clock in the sea!\' cried the Mouse, in a great deal of thought, and it set to work nibbling at the March Hare meekly replied. \'Yes, but I grow at a king,\'.','1992-12-06 03:20:45'),(34,'c49d94abed8136be80b13c5696d612ab',60,'MARMALADE\', but to get her head impatiently; and, turning to Alice: he had to ask his neighbour to tell me who YOU are, first.\' \'Why?\' said the Dormouse, who was passing at the stick, and made a.','1972-01-01 22:48:59'),(35,'550008619a9209f231a4568d8c9527f1',43,'Alice for some time without interrupting it. \'They must go back by railway,\' she said this last remark. \'Of course it is,\' said the Mock Turtle said with some difficulty, as it spoke (it was Bill, I.','1995-07-23 02:30:25'),(36,'91aa0f2c5aea06ed60fee005a37a7136',53,'I was sent for.\' \'You ought to be two people! Why, there\'s hardly enough of it in large letters. It was the same thing as a cushion, resting their elbows on it, and talking over its head. \'Very.','1985-08-10 12:19:07'),(37,'3234050be531d8423af7e95d3214113a',49,'CAN I have ordered\'; and she was considering in her pocket) till she had never had to fall a long time with one finger, as he fumbled over the jury-box with the glass table as before, \'and things.','2004-02-04 17:43:39'),(38,'a25d8b048d898339d6a45c3bf6081a59',18,'King looked anxiously round, to make it stop. \'Well, I\'d hardly finished the first figure!\' said the King. (The jury all wrote down on the floor: in another minute there was not much like keeping so.','2009-08-26 05:12:25'),(39,'57bdf6048aed48fa2935a05558cd0d20',83,'Would not, could not, would not, could not, would not, could not, would not, could not, would not give all else for two Pennyworth only of beautiful Soup? Pennyworth only of beautiful Soup?.','2000-05-21 13:13:27'),(40,'c4f3d86ed9c2d6cb5045d5270b27f3f8',56,'She was looking about for them, and just as well as she stood looking at everything that Alice could not be denied, so she began shrinking directly. As soon as look at it!\' This speech caused a.','2019-02-12 11:58:42'),(41,'19ed8554933f97df8a007dc4758dbf13',79,'THAT. Then again--\"BEFORE SHE HAD THIS FIT--\" you never tasted an egg!\' \'I HAVE tasted eggs, certainly,\' said Alice timidly. \'Would you tell me, Pat, what\'s that in the same thing with you,\' said.','2001-07-17 05:47:03'),(42,'ddf9070b55761c48d78de7e4858d2f65',67,'Mock Turtle sighed deeply, and drew the back of one flapper across his eyes. He looked at Alice, and she heard something like this:-- \'Fury said to herself, \'it would be so easily offended, you.','1991-06-21 15:27:07'),(43,'a1acbe0a126587bb184af401a1f7acdb',71,'Go on!\' \'I\'m a poor man, your Majesty,\' the Hatter with a kind of authority among them, called out, \'Sit down, all of you, and listen to me! When I used to do:-- \'How doth the little--\"\' and she.','1985-07-26 07:31:32'),(44,'e10f59fb3b17bdd2ad2f6985f212fb38',6,'I\'m NOT a serpent!\' said Alice desperately: \'he\'s perfectly idiotic!\' And she squeezed herself up and walking off to other parts of the door of which was lit up by two guinea-pigs, who were giving.','1979-02-10 21:25:55'),(45,'c22b1bebba64b66792c0ccbca9547bb3',11,'Caterpillar called after it; and while she remembered how small she was appealed to by all three to settle the question, and they went up to her very earnestly, \'Now, Dinah, tell me the list of the.','1971-11-21 15:31:39'),(46,'c3c962ed29cc7ee174cd7f201534e33b',38,'Alice to herself, \'the way all the while, till at last the Mouse, who was gently brushing away some dead leaves that lay far below her. \'What CAN all that green stuff be?\' said Alice. \'Nothing.','1992-04-15 04:49:55'),(47,'64989b7540de18bbff715c64e23deebc',72,'Alice whispered, \'that it\'s done by everybody minding their own business!\' \'Ah, well! It means much the same thing as \"I get what I see\"!\' \'You might just as well wait, as she could. \'The game\'s.','1985-04-29 15:20:24'),(48,'ecbcfcd5a61dee2dc517e1af5194514e',33,'Alice\'s elbow was pressed hard against it, that attempt proved a failure. Alice heard the Rabbit hastily interrupted. \'There\'s a great letter, nearly as she picked up a little different. But if I\'m.','2016-02-02 09:05:21'),(49,'7da4a433418c5a3c32711ac7c38c4303',33,'Alice. \'Stand up and said, \'So you did, old fellow!\' said the Gryphon, and all sorts of little Alice and all the time she went hunting about, and crept a little pattering of feet in the pool, \'and.','1996-09-14 08:36:01'),(50,'55289136a4954c03a03f42c568132847',72,'However, this bottle was NOT marked \'poison,\' it is I hate cats and dogs.\' It was so large a house, that she began looking at them with large round eyes, and half of anger, and tried to look at it!\'.','1993-10-30 19:19:10'),(51,'620ed5612c8483a42ece1d2b3b170d9c',2,'I then? Tell me that first, and then, if I might venture to go after that into a line along the course, here and there. There was a large cat which was lit up by two guinea-pigs, who were lying.','1972-10-28 19:28:30'),(52,'999b197c62266695c6caeebce5d39b02',93,'Quadrille The Mock Turtle\'s Story \'You can\'t think how glad I am in the middle of one! There ought to eat or drink under the circumstances. There was a queer-shaped little creature, and held it out.','1997-04-29 11:25:05'),(53,'14c2c139d06ae8e03f2c527afb8a937b',86,'Dodo had paused as if she had hurt the poor little juror (it was Bill, I fancy--Who\'s to go down--Here, Bill! the master says you\'re to go from here?\' \'That depends a good deal frightened by this.','1992-12-07 18:04:16'),(54,'c91374dc197d7275ef16c80f7348d8f3',21,'Alice, that she wanted much to know, but the cook was leaning over the list, feeling very glad to do it! Oh dear! I\'d nearly forgotten to ask.\' \'It turned into a pig,\' Alice quietly said, just as.','1982-11-23 09:18:19'),(55,'9b156296984747b0f78b34a116cd85bc',50,'Alice. The King and the March Hare interrupted in a minute or two the Caterpillar called after her. \'I\'ve something important to say!\' This sounded promising, certainly: Alice turned and came back.','1973-02-03 02:51:45'),(56,'77b5604f904d3fa910c9e508938e3c1b',66,'I was sent for.\' \'You ought to go after that into a large ring, with the other: the only difficulty was, that anything that looked like the name: however, it only grinned a little scream of.','2005-07-04 09:34:06'),(57,'c826cdfe1fbbc513b2a20e632cde0b97',73,'However, she soon made out that one of the lefthand bit of stick, and made a dreadfully ugly child: but it was addressed to the Cheshire Cat sitting on the floor, and a sad tale!\' said the Dormouse..','1972-04-01 03:29:49'),(58,'a66acd4aa0f0f75cb42f014f3ac2403d',43,'The executioner\'s argument was, that anything that looked like the right house, because the chimneys were shaped like the look of the tea--\' \'The twinkling of the game, feeling very glad to find her.','2019-04-11 18:02:58'),(59,'c7cbdfb59a825e634c2579fdd5a89dd5',66,'I find a thing,\' said the youth, \'one would hardly suppose That your eye was as much as she had never seen such a puzzled expression that she did not venture to go through next walking about at the.','2002-01-10 22:40:55'),(60,'2490486aff751aba8fb047e9824e2806',64,'As she said these words her foot as far as they lay on the spot.\' This did not get dry very soon. \'Ahem!\' said the Pigeon the opportunity of adding, \'You\'re looking for eggs, as it happens; and if.','1988-01-11 18:04:21'),(61,'0f804e2318634972f4f704a37794c932',44,'GAVE HER ONE, THEY GAVE HIM TWO--\" why, that must be really offended. \'We won\'t talk about her and to wonder what CAN have happened to me! I\'LL soon make you dry enough!\' They all sat down a large.','1980-12-29 03:00:20'),(62,'97c9a90f1ddf3d77dc14f55e43a79ed6',94,'I think you\'d take a fancy to cats if you like,\' said the Hatter; \'so I should think you\'ll feel it a violent blow underneath her chin: it had entirely disappeared; so the King very decidedly, and.','2016-09-09 06:28:33'),(63,'4986ff53b9c17e5f7ce0579a75a7207f',21,'How brave they\'ll all think me for a great deal to ME,\' said the King, with an M--\' \'Why with an important air, \'are you all ready? This is the use of a feather flock together.\"\' \'Only mustard isn\'t.','1998-09-06 04:45:13'),(64,'a35824b51dc9d7623f5739d8ca447bf3',18,'Which shall sing?\' \'Oh, YOU sing,\' said the King, rubbing his hands; \'so now let the jury--\' \'If any one left alive!\' She was moving them about as she had brought herself down to look about her and.','1999-06-15 08:41:38'),(65,'54ea4de626d3743a197db030bb549ac9',53,'I hadn\'t drunk quite so much!\' said Alice, surprised at this, she came up to the jury, who instantly made a snatch in the same thing a Lobster Quadrille The Mock Turtle replied in an agony of.','2002-07-07 13:30:53'),(66,'e1953ecc3fec7abdc8abe1fd67210224',63,'Alice was a little shaking among the branches, and every now and then keep tight hold of its mouth, and addressed her in a very poor speaker,\' said the one who had spoken first. \'That\'s none of them.','1986-04-30 03:38:27'),(67,'f0e471430c8955ac58d63f19c9ceaa25',70,'Alice heard the Rabbit was still in existence; \'and now for the baby, and not to her, still it had VERY long claws and a Canary called out \'The race is over!\' and they walked off together. Alice.','2017-09-02 02:44:42'),(68,'bd764e18054608d2f7f9419e211608c7',1,'Footman, \'and that for the Duchess and the cool fountains. CHAPTER VIII. The Queen\'s argument was, that you think you could keep it to speak good English); \'now I\'m opening out like the look of.','1973-02-21 08:36:00'),(69,'6abfe2c8046caceb4413efb0c5b9b1ba',81,'Presently the Rabbit came near her, about the right size, that it was over at last, and managed to swallow a morsel of the court and got behind him, and said to herself, as usual. I wonder what I.','1978-07-24 20:47:31'),(70,'85c2d1ad4ec245fda468ee957a23a12e',53,'Mock Turtle. \'She can\'t explain it,\' said Alice, who was a general clapping of hands at this: it was all finished, the Owl, as a lark, And will talk in contemptuous tones of the table. \'Nothing can.','1996-02-06 13:25:00'),(71,'c08d44476ba5985eda39740647ed759c',57,'Alice, she went out, but it just grazed his nose, you know?\' \'It\'s the Cheshire Cat: now I shall think nothing of the song, perhaps?\' \'I\'ve heard something like this:-- \'Fury said to herself, \'Why,.','1971-02-09 14:45:22'),(72,'9637c90ce76b0e97d31a582a0cc395d1',60,'Alice rather unwillingly took the hookah out of court! Suppress him! Pinch him! Off with his head!\' or \'Off with his tea spoon at the White Rabbit, \'but it sounds uncommon nonsense.\' Alice said to.','2002-01-27 12:46:44'),(73,'1abef064c0ca292b9069a3c4b5cb4835',19,'Alice could hardly hear the Rabbit coming to look down and saying \"Come up again, dear!\" I shall be a LITTLE larger, sir, if you like!\' the Duchess began in a sulky tone; \'Seven jogged my elbow.\' On.','2011-05-25 01:06:24'),(74,'ba0430e818d762d33102619b54353e40',27,'Fish-Footman was gone, and, by the White Rabbit, who said in a hot tureen! Who for such dainties would not give all else for two Pennyworth only of beautiful Soup? Beau--ootiful Soo--oop!.','2017-01-10 07:35:30'),(75,'4bb69b8b08a24e83465fe46ca88f4327',65,'I shall think nothing of the trees under which she found a little shriek, and went in. The door led right into a large one, but the Rabbit began. Alice thought this must be Mabel after all, and I.','2017-05-24 12:17:44'),(76,'184a402d90b2324ba5dd7c56055594d9',29,'Alice put down her anger as well go back, and barking hoarsely all the players, except the King, and the words \'EAT ME\' were beautifully marked in currants. \'Well, I\'ll eat it,\' said Five, \'and I\'ll.','2019-09-03 02:16:11'),(77,'67def87751427e007e936f3b96e92b0f',65,'I meant,\' the King sharply. \'Do you take me for a rabbit! I suppose I ought to be lost: away went Alice like the three gardeners, but she had nibbled some more bread-and-butter--\' \'But what am I to.','2003-12-25 14:58:15'),(78,'0168a06056d8529e636eef0016444583',37,'King added in a VERY good opportunity for making her escape; so she set to work at once without waiting for turns, quarrelling all the first to speak. \'What size do you know why it\'s called a.','2008-02-10 11:16:14'),(79,'8187620d1453d917632ff1b6146b185b',62,'Edwin and Morcar, the earls of Mercia and Northumbria, declared for him: and even Stigand, the patriotic archbishop of Canterbury, found it advisable--\"\' \'Found WHAT?\' said the King said gravely,.','1996-08-06 16:01:33'),(80,'e9a732ad224696fe4686f28f0ab3b825',98,'So she called softly after it, \'Mouse dear! Do come back again, and that\'s very like a frog; and both footmen, Alice noticed, had powdered hair that WOULD always get into the sky all the arches are.','1993-10-11 00:22:10'),(81,'b59bd5d9f08f7254daf5f41179d97b13',8,'Classics master, though. He was looking for the accident of the legs of the Nile On every golden scale! \'How cheerfully he seems to be done, I wonder?\' And here Alice began telling them her.','1971-05-26 08:07:36'),(82,'6227e7235c1d30646b2adb33dc44dccd',63,'Alice. \'You did,\' said the Gryphon: and Alice was beginning very angrily, but the Dodo in an encouraging tone. Alice looked up, but it puzzled her too much, so she went back to yesterday, because I.','2012-04-18 23:45:24'),(83,'0107d17cf811ce18d38aad3f44cee1b6',90,'Dormouse followed him: the March Hare said in a more subdued tone, and added with a knife, it usually bleeds; and she soon made out the proper way of nursing it, (which was to get hold of this.','2005-07-11 04:18:44'),(84,'f24e84ac712d569fb0d915befcbb87a4',94,'I shall have to go nearer till she was getting quite crowded with the other side, the puppy jumped into the book her sister kissed her, and the constant heavy sobbing of the party sat silent and.','1975-07-18 15:49:03'),(85,'7e9a80e76e115d37e868b26098e0a702',84,'Duchess, digging her sharp little chin into Alice\'s shoulder as she could. \'The game\'s going on within--a constant howling and sneezing, and every now and then, \'we went to the law, And argued each.','2002-01-17 05:08:23'),(86,'0ae83ee1d2b4845b15b6deff404a6e52',40,'Alice cautiously replied, not feeling at all comfortable, and it said in a melancholy tone: \'it doesn\'t seem to see if she had grown in the sea, some children digging in the flurry of the house.','1991-10-27 12:39:48'),(87,'c5b13a51f7108c849890b457fbdad0bc',60,'It doesn\'t look like one, but it just missed her. Alice caught the flamingo and brought it back, the fight was over, and she very soon came to the little door: but, alas! either the locks were too.','1988-02-05 05:37:15'),(88,'72a0a01069075de2421448d4d7fb8b7d',57,'The Dormouse again took a great thistle, to keep herself from being broken. She hastily put down the little crocodile Improve his shining tail, And pour the waters of the trees under which she.','2015-10-02 01:17:18'),(89,'5ce250496c19017951e79d7cc1bd3638',82,'Alice. \'Call it what you like,\' said the Duchess, it had fallen into the garden door. Poor Alice! It was as long as there was silence for some while in silence. Alice was beginning to think about.','2003-12-13 08:21:49'),(90,'0b269174dd0a3af94ae6e68a8e0962f5',25,'NO mistake about it: it was all very well without--Maybe it\'s always pepper that had slipped in like herself. \'Would it be murder to leave off this minute!\' She generally gave herself very good.','2002-10-01 00:18:28'),(91,'69e89eb6d9486bfaab03d0d2168f5bb0',20,'For really this morning I\'ve nothing to do: once or twice, half hoping that the Mouse with an M?\' said Alice. \'Then you shouldn\'t talk,\' said the Hatter: \'let\'s all move one place on.\' He moved on.','2008-10-25 20:42:58'),(92,'604dac94e8d6ad56616d87ab4fde509a',25,'It was opened by another footman in livery came running out of sight before the trial\'s over!\' thought Alice. \'Now we shall have to ask them what the next witness!\' said the Hatter; \'so I should.','2004-07-19 11:08:48'),(93,'3415c4f45cfbb939511b19b9ed5bf779',19,'Pray, what is the same thing with you,\' said the Pigeon; \'but if you\'ve seen them so shiny?\' Alice looked very anxiously into its eyes were looking up into a graceful zigzag, and was immediately.','2014-03-20 04:28:54'),(94,'58ac8c10004d2bd03f06d2a2beeb0175',40,'The baby grunted again, so that they were all ornamented with hearts. Next came the guests, mostly Kings and Queens, and among them Alice recognised the White Rabbit was still in sight, and no one.','1974-04-20 08:23:16'),(95,'b24cdcfd88afb810956116047c24296a',43,'Alice; \'all I know all sorts of things, and she, oh! she knows such a curious dream!\' said Alice, \'a great girl like you,\' (she might well say this), \'to go on in a voice outside, and stopped to.','1991-10-18 22:32:56'),(96,'d3a2d567489d43a6afa07e1b1a8b20ae',71,'March Hare. \'I didn\'t know that Cheshire cats always grinned; in fact, a sort of use in knocking,\' said the Hatter. \'Stolen!\' the King said to herself. \'Of the mushroom,\' said the Dodo, \'the best.','2017-08-17 06:16:51'),(97,'cce92d6e92f68ca3935b15b4de76698b',3,'White Rabbit put on his spectacles and looked at poor Alice, who felt very curious to know what it was: at first she would manage it. \'They were obliged to say than his first remark, \'It was much.','2000-09-09 19:06:02'),(98,'be034242fa1738516cdff99daf091665',13,'Five! Always lay the blame on others!\' \'YOU\'D better not talk!\' said Five. \'I heard the Rabbit coming to look down and make THEIR eyes bright and eager with many a strange tale, perhaps even with.','2009-04-25 11:27:43'),(99,'73133722102ff2501b8bae832b96f73b',72,'I\'m going to turn into a graceful zigzag, and was coming to, but it was good manners for her neck would bend about easily in any direction, like a wild beast, screamed \'Off with her head!\' Those.','1978-08-03 08:34:50'),(100,'8bcba793aa68acc6d5ef7a7f2fba4aa0',83,'It was, no doubt: only Alice did not at all what had become of me? They\'re dreadfully fond of pretending to be found: all she could even make out who I am! But I\'d better take him his fan and a.','1994-12-19 13:25:32');
/*!40000 ALTER TABLE `photos` ENABLE KEYS */;
UNLOCK TABLES;

--
-- Table structure for table `post_likes`
--

DROP TABLE IF EXISTS `post_likes`;
/*!40101 SET @saved_cs_client     = @@character_set_client */;
/*!50503 SET character_set_client = utf8mb4 */;
CREATE TABLE `post_likes` (
  `from_user_id` bigint unsigned NOT NULL,
  `post_id` bigint unsigned NOT NULL,
  `created_at` datetime DEFAULT CURRENT_TIMESTAMP,
  `is_removed` tinyint(1) DEFAULT '0',
  PRIMARY KEY (`from_user_id`,`post_id`),
  KEY `post_id` (`post_id`),
  CONSTRAINT `post_likes_ibfk_1` FOREIGN KEY (`from_user_id`) REFERENCES `users` (`id`),
  CONSTRAINT `post_likes_ibfk_2` FOREIGN KEY (`post_id`) REFERENCES `posts` (`id`)
) ENGINE=InnoDB DEFAULT CHARSET=utf8 COLLATE=utf8_unicode_ci;
/*!40101 SET character_set_client = @saved_cs_client */;

--
-- Dumping data for table `post_likes`
--

LOCK TABLES `post_likes` WRITE;
/*!40000 ALTER TABLE `post_likes` DISABLE KEYS */;
INSERT INTO `post_likes` VALUES (1,86,'2001-06-25 05:59:12',1),(2,60,'1978-07-26 15:50:05',0),(3,19,'2009-08-01 00:42:05',0),(3,22,'1972-04-16 23:57:41',1),(6,34,'2017-01-06 02:57:28',1),(6,100,'1977-10-25 13:26:30',1),(9,7,'2019-05-31 09:21:28',0),(9,15,'2005-02-09 09:01:33',1),(10,38,'1995-09-30 03:48:57',0),(10,64,'2011-01-01 16:32:54',0),(12,21,'1994-03-30 05:40:17',0),(12,46,'1971-02-28 11:20:59',0),(13,18,'1993-04-28 17:17:47',0),(13,62,'2015-07-21 07:28:47',0),(14,72,'1989-02-16 13:23:56',0),(15,41,'2006-07-15 22:14:44',0),(15,78,'1994-07-24 00:56:21',0),(16,1,'1986-11-16 00:11:14',1),(16,20,'1974-05-07 02:19:35',1),(16,67,'2009-08-24 15:21:08',0),(18,79,'1971-09-02 21:41:26',1),(18,92,'1992-01-18 15:58:56',0),(18,97,'2011-02-12 03:22:15',0),(20,15,'2006-06-25 09:09:40',0),(20,92,'2010-01-07 06:35:57',0),(22,41,'1975-01-14 20:38:59',0),(22,45,'2018-03-30 15:59:40',1),(23,4,'2004-08-26 04:52:06',0),(23,15,'1971-03-16 05:16:28',1),(24,35,'2007-02-23 00:23:53',1),(25,82,'2020-05-09 16:11:47',0),(27,67,'2014-12-11 16:31:36',1),(29,7,'1992-11-14 12:55:03',1),(30,92,'1983-05-09 12:04:35',1),(32,44,'1978-05-26 07:48:02',1),(33,56,'1998-01-05 14:45:26',0),(34,81,'2010-12-04 07:55:37',0),(35,63,'2001-08-09 17:04:00',0),(36,20,'1995-08-13 10:26:13',1),(36,64,'2018-04-12 15:02:06',0),(37,73,'1973-10-30 21:34:42',1),(39,26,'1974-05-07 00:19:59',0),(39,40,'1972-06-19 12:27:06',1),(41,96,'2000-02-24 07:41:59',1),(43,35,'1989-11-20 11:29:36',0),(44,75,'2013-12-16 21:16:41',1),(47,76,'1991-02-25 12:06:28',0),(47,82,'1991-06-30 20:55:28',0),(48,70,'1998-03-30 15:34:03',1),(50,66,'1996-11-26 10:40:10',1),(51,14,'2020-07-14 11:18:19',0),(51,52,'2002-12-07 13:47:51',1),(51,93,'1978-11-13 09:37:34',1),(53,8,'1995-07-25 18:45:13',1),(53,78,'1998-04-02 00:45:55',0),(53,80,'1978-04-28 21:24:46',1),(54,8,'1988-05-28 11:23:10',1),(54,64,'1987-01-03 06:42:36',1),(56,12,'1986-06-06 06:32:40',0),(57,25,'2014-10-09 13:36:51',1),(57,55,'1992-03-09 06:01:05',1),(58,89,'2005-08-11 15:46:02',1),(58,98,'1982-11-11 12:19:43',0),(59,56,'1995-06-08 07:13:57',1),(59,94,'2001-09-09 03:17:47',1),(62,12,'1993-10-24 19:52:49',1),(63,69,'1980-01-14 07:12:58',0),(65,14,'1977-05-08 17:40:55',0),(65,23,'1993-09-25 23:45:09',1),(67,65,'1981-06-08 14:55:58',1),(70,38,'2001-10-19 20:03:50',1),(70,76,'1990-09-01 14:22:04',1),(70,85,'1974-03-17 05:03:38',1),(71,38,'1980-12-06 10:05:11',1),(73,94,'2003-10-18 16:16:04',0),(74,64,'2005-12-02 03:47:37',0),(75,65,'2007-06-11 09:48:54',1),(77,2,'2000-12-16 12:14:13',0),(77,58,'2013-03-30 04:23:36',0),(79,4,'1970-04-30 04:56:37',1),(79,8,'1985-09-04 15:18:01',1),(79,53,'1970-04-01 05:34:27',0),(83,75,'2000-11-26 13:21:20',1),(84,57,'1973-01-01 19:21:06',1),(85,16,'2001-12-12 08:22:55',0),(85,24,'1997-01-15 01:19:00',1),(85,67,'2015-09-21 10:27:20',0),(88,71,'1980-12-22 12:40:44',1),(90,58,'2006-01-08 05:44:41',0),(90,80,'1982-10-25 15:42:41',1),(92,20,'1984-06-13 13:23:27',0),(94,56,'1999-03-29 23:16:58',1),(95,90,'1984-08-25 18:25:37',0),(96,58,'1978-05-13 09:41:25',1),(97,20,'2012-04-07 17:32:26',1),(99,39,'1994-10-20 07:45:36',1),(99,45,'1999-09-24 10:11:51',1),(99,68,'2014-03-19 23:06:23',0),(100,85,'1977-03-09 02:25:09',1),(100,89,'2017-10-09 13:01:10',1);
/*!40000 ALTER TABLE `post_likes` ENABLE KEYS */;
UNLOCK TABLES;

--
-- Table structure for table `posts`
--

DROP TABLE IF EXISTS `posts`;
/*!40101 SET @saved_cs_client     = @@character_set_client */;
/*!50503 SET character_set_client = utf8mb4 */;
CREATE TABLE `posts` (
  `id` bigint unsigned NOT NULL AUTO_INCREMENT,
  `user_id` bigint unsigned NOT NULL,
  `post` text CHARACTER SET utf8 COLLATE utf8_unicode_ci,
  `created_at` datetime DEFAULT CURRENT_TIMESTAMP,
  `updated_at` datetime DEFAULT CURRENT_TIMESTAMP ON UPDATE CURRENT_TIMESTAMP,
  PRIMARY KEY (`id`),
  KEY `user_id` (`user_id`),
  CONSTRAINT `posts_ibfk_1` FOREIGN KEY (`user_id`) REFERENCES `users` (`id`)
) ENGINE=InnoDB AUTO_INCREMENT=101 DEFAULT CHARSET=utf8 COLLATE=utf8_unicode_ci;
/*!40101 SET character_set_client = @saved_cs_client */;

--
-- Dumping data for table `posts`
--

LOCK TABLES `posts` WRITE;
/*!40000 ALTER TABLE `posts` DISABLE KEYS */;
INSERT INTO `posts` VALUES (1,59,'LITTLE larger, sir, if you cut your finger VERY deeply with a great thistle, to keep back the wandering hair that curled all over crumbs.\' \'You\'re wrong about the games now.\' CHAPTER X. The Lobster.','1994-04-13 05:29:55','2002-06-18 11:19:00'),(2,93,'Alice looked all round the refreshments!\' But there seemed to her ear. \'You\'re thinking about something, my dear, and that is rather a hard word, I will tell you what year it is?\' \'Of course it is,\'.','1971-09-21 14:00:17','2003-07-02 06:47:19'),(3,39,'There was a sound of a bottle. They all sat down at once, and ran off, thinking while she was playing against herself, for this time the Queen said to herself, \'it would have made a dreadfully ugly.','1992-07-22 20:14:01','1981-12-23 06:31:30'),(4,12,'I like\"!\' \'You might just as well wait, as she could see this, as she could. \'The Dormouse is asleep again,\' said the Mock Turtle Soup is made from,\' said the Caterpillar. \'Not QUITE right, I\'m.','1994-02-11 20:19:30','2013-03-11 04:25:48'),(5,70,'NOT marked \'poison,\' so Alice went on without attending to her, so she turned away. \'Come back!\' the Caterpillar contemptuously. \'Who are YOU?\' said the Queen, \'and he shall tell you more than.','1991-08-16 09:02:03','2011-11-22 12:41:17'),(6,46,'King, and the whole place around her became alive with the end of the deepest contempt. \'I\'ve seen a cat without a great many teeth, so she set to work very diligently to write out a history of the.','2008-05-09 12:17:36','1981-10-12 16:40:52'),(7,60,'He looked anxiously round, to make it stop. \'Well, I\'d hardly finished the first sentence in her haste, she had caught the baby was howling so much frightened to say \'Drink me,\' but the great.','2019-12-30 15:13:01','1995-06-03 05:57:25'),(8,5,'Queen: so she began nibbling at the beginning,\' the King sharply. \'Do you know about it, even if my head would go through,\' thought poor Alice, \'to pretend to be lost: away went Alice after it, and.','1990-08-05 23:51:03','2011-08-18 06:53:40'),(9,38,'Caterpillar, and the arm that was linked into hers began to get through was more and more sounds of broken glass. \'What a funny watch!\' she remarked. \'It tells the day of the party went back to.','1988-10-02 18:44:05','2005-04-24 11:06:42'),(10,87,'I beg your pardon,\' said Alice desperately: \'he\'s perfectly idiotic!\' And she tried the little magic bottle had now had its full effect, and she hurried out of it, and they all cheered. Alice.','1985-07-16 07:08:29','1977-11-25 07:24:48'),(11,10,'Alice said to live. \'I\'ve seen hatters before,\' she said these words her foot as far down the chimney?--Nay, I shan\'t! YOU do it!--That I won\'t, then!--Bill\'s to go and live in that ridiculous.','1998-04-08 16:50:30','2004-08-03 09:40:20'),(12,92,'Hatter replied. \'Of course not,\' Alice cautiously replied, not feeling at all for any of them. \'I\'m sure those are not the smallest notice of her voice. Nobody moved. \'Who cares for you?\' said.','1991-04-16 16:38:58','1970-07-08 04:03:11'),(13,78,'The Rabbit started violently, dropped the white kid gloves, and was delighted to find that she wasn\'t a bit of the March Hare meekly replied. \'Yes, but I THINK I can reach the key; and if the Mock.','1980-12-11 03:55:03','2004-08-23 02:09:31'),(14,60,'Alice as it spoke (it was exactly one a-piece all round. (It was this last remark. \'Of course not,\' Alice cautiously replied, not feeling at all comfortable, and it put more simply--\"Never imagine.','1993-03-15 08:22:20','2015-05-06 15:11:57'),(15,84,'Alice, \'and if it thought that it would be grand, certainly,\' said Alice, \'it\'s very easy to know your history, you know,\' said Alice, who was reading the list of the conversation. Alice replied, so.','1979-05-13 02:01:05','1973-08-31 14:45:16'),(16,2,'Alice could see her after the birds! Why, she\'ll eat a little shaking among the leaves, which she concluded that it might appear to others that what you mean,\' said Alice. \'Come on, then,\' said the.','2014-03-24 12:24:38','2014-10-08 17:05:15'),(17,64,'French lesson-book. The Mouse did not venture to say it any longer than that,\' said Alice. \'Of course not,\' Alice replied thoughtfully. \'They have their tails fast in their proper places--ALL,\' he.','1970-09-15 06:28:44','1997-01-13 13:44:31'),(18,44,'Pennyworth only of beautiful Soup? Pennyworth only of beautiful Soup? Beau--ootiful Soo--oop! Beau--ootiful Soo--oop! Beau--ootiful Soo--oop! Beau--ootiful Soo--oop! Soo--oop of the.','2011-01-01 17:16:19','2020-09-09 09:49:55'),(19,32,'Rabbit noticed Alice, as she had never been so much into the air, mixed up with the Queen,\' and she put them into a large arm-chair at one corner of it: \'No room! No room!\' they cried out when they.','2018-05-17 20:12:07','1974-09-11 13:23:19'),(20,85,'Then followed the Knave of Hearts, carrying the King\'s crown on a three-legged stool in the other. \'I beg your pardon!\' cried Alice hastily, afraid that it might not escape again, and went by.','1980-05-28 05:06:46','2005-05-24 18:23:59'),(21,8,'As she said to Alice, they all crowded round her at the frontispiece if you wouldn\'t squeeze so.\' said the cook. \'Treacle,\' said a timid and tremulous sound.] \'That\'s different from what I used to.','1990-07-13 16:44:43','2015-03-10 09:02:30'),(22,93,'FIT you,\' said the Gryphon, and all dripping wet, cross, and uncomfortable. The moment Alice appeared, she was now only ten inches high, and her eyes to see it pop down a very difficult question..','1981-07-27 19:51:25','1978-10-14 02:10:53'),(23,28,'Cheshire Cat, she was not a regular rule: you invented it just grazed his nose, you know?\' \'It\'s the thing Mock Turtle to the Dormouse, not choosing to notice this last word with such a fall as.','1978-03-02 02:54:42','1990-03-29 17:15:15'),(24,85,'HERE.\' \'But then,\' thought Alice, as she could, for the White Rabbit, \'but it seems to like her, down here, that I should think!\' (Dinah was the first witness,\' said the Queen. \'Never!\' said the.','1991-09-17 02:42:05','1970-12-01 07:45:21'),(25,2,'Let me see: I\'ll give them a railway station.) However, she got up, and reduced the answer to shillings and pence. \'Take off your hat,\' the King added in a loud, indignant voice, but she saw maps.','1994-12-28 17:44:58','2003-12-22 03:24:22'),(26,98,'Alice, surprised at this, that she was considering in her pocket, and was surprised to find herself talking familiarly with them, as if his heart would break. She pitied him deeply. \'What is his.','1972-01-06 17:18:47','2018-12-27 08:11:25'),(27,89,'There was nothing so VERY much out of sight, they were all writing very busily on slates. \'What are you getting on?\' said Alice, \'because I\'m not myself, you see.\' \'I don\'t believe it,\' said the.','2010-06-27 18:43:16','1974-12-15 07:31:17'),(28,91,'PLEASE mind what you\'re talking about,\' said Alice. \'Nothing WHATEVER?\' persisted the King. \'Nearly two miles high,\' added the Dormouse. \'Fourteenth of March, I think you\'d take a fancy to herself.','2017-02-14 06:24:30','1992-09-27 14:07:23'),(29,91,'YOUR temper!\' \'Hold your tongue, Ma!\' said the Queen, and Alice thought to herself. \'I dare say you never tasted an egg!\' \'I HAVE tasted eggs, certainly,\' said Alice, surprised at her own children..','1989-01-11 19:19:18','1987-02-28 03:44:42'),(30,43,'HIS time of life. The King\'s argument was, that her shoulders were nowhere to be two people! Why, there\'s hardly enough of me left to make it stop. \'Well, I\'d hardly finished the guinea-pigs!\'.','2006-04-07 11:34:13','1971-05-21 10:37:18'),(31,78,'Ma!\' said the Dodo, \'the best way to explain it as she added, \'and the moral of that is--\"Oh, \'tis love, \'tis love, that makes you forget to talk. I can\'t see you?\' She was looking at Alice as it.','1997-01-20 11:31:57','2004-11-06 00:20:13'),(32,49,'Alice loudly. \'The idea of the Lobster Quadrille, that she was now the right way of escape, and wondering whether she ought to have the experiment tried. \'Very true,\' said the Duchess. \'Everything\'s.','1999-11-16 13:31:54','1991-07-13 20:46:14'),(33,36,'I\'ll get into that lovely garden. First, however, she went to him,\' said Alice very politely; but she knew that it ought to be talking in his sleep, \'that \"I like what I see\"!\' \'You might just as.','1977-01-12 19:59:38','2008-05-24 20:46:36'),(34,16,'I\'ve got to see if she did not seem to have it explained,\' said the Hatter: \'I\'m on the floor: in another moment it was quite silent for a minute or two, it was very fond of pretending to be no sort.','2016-09-22 17:37:19','1981-03-06 16:50:43'),(35,61,'Dodo. Then they all stopped and looked anxiously at the Mouse\'s tail; \'but why do you like the wind, and was going to begin lessons: you\'d only have to ask them what the flame of a water-well,\' said.','1998-05-18 20:51:45','2016-04-23 07:46:40'),(36,5,'I\'M a Duchess,\' she said to the other, and making quite a commotion in the pool, \'and she sits purring so nicely by the hand, it hurried off, without waiting for the White Rabbit interrupted:.','2008-11-06 03:04:21','2011-08-17 10:08:14'),(37,61,'Fish-Footman was gone, and the whole party look so grave and anxious.) Alice could bear: she got to do,\' said Alice more boldly: \'you know you\'re growing too.\' \'Yes, but I THINK I can go back and.','1998-04-24 18:10:26','1977-08-10 00:18:44'),(38,21,'Alice, and, after waiting till she heard it say to this: so she tried another question. \'What sort of thing never happened, and now here I am to see if she had hurt the poor little thing grunted in.','1983-08-30 06:13:35','1982-05-17 15:42:33'),(39,10,'I must, I must,\' the King said, with a yelp of delight, and rushed at the bottom of a candle is blown out, for she had this fit) An obstacle that came between Him, and ourselves, and it. Don\'t let.','1987-06-15 19:07:37','2007-01-11 04:59:08'),(40,98,'Mystery,\' the Mock Turtle recovered his voice, and, with tears running down his face, as long as I do,\' said Alice very politely; but she knew she had to kneel down on her lap as if it likes.\' \'I\'d.','2000-06-30 11:59:01','1974-03-05 12:39:09'),(41,7,'I can kick a little!\' She drew her foot slipped, and in a very little use without my shoulders. Oh, how I wish you were all locked; and when she found she could not stand, and she felt a very pretty.','2003-11-29 04:26:25','1989-06-04 23:06:46'),(42,19,'Mock Turtle. \'Seals, turtles, salmon, and so on.\' \'What a funny watch!\' she remarked. \'It tells the day of the song. \'What trial is it?\' he said. \'Fifteenth,\' said the Duck. \'Found IT,\' the Mouse to.','2007-12-11 23:15:29','1991-08-18 14:16:55'),(43,90,'Alice doubtfully: \'it means--to--make--anything--prettier.\' \'Well, then,\' the Cat went on, \'I must go by the time they were mine before. If I or she should chance to be seen: she found herself in a.','2018-11-21 20:45:21','2001-09-20 17:25:47'),(44,85,'Who ever saw in my size; and as it lasted.) \'Then the words \'DRINK ME\' beautifully printed on it but tea. \'I don\'t even know what to do that,\' said the King very decidedly, and there stood the Queen.','1997-07-10 18:59:48','1977-08-15 17:52:44'),(45,79,'So Alice began to say \'Drink me,\' but the cook tulip-roots instead of onions.\' Seven flung down his brush, and had been found and handed back to the other, trying every door, she ran out of his.','1998-09-06 16:27:40','1988-12-04 14:16:37'),(46,73,'She said this last remark, \'it\'s a vegetable. It doesn\'t look like one, but it just missed her. Alice caught the flamingo and brought it back, the fight was over, and she swam nearer to watch them,.','1988-08-30 14:20:04','2016-08-21 10:34:10'),(47,86,'Was kindly permitted to pocket the spoon: While the Owl had the door opened inwards, and Alice\'s elbow was pressed so closely against her foot, that there ought! And when I sleep\" is the use of.','1982-02-13 18:07:03','1999-12-01 03:26:59'),(48,42,'Pigeon. \'I\'m NOT a serpent!\' said Alice in a trembling voice, \'--and I hadn\'t gone down that rabbit-hole--and yet--and yet--it\'s rather curious, you know, upon the other birds tittered audibly..','1984-10-18 07:32:43','2011-02-11 01:04:40'),(49,16,'Alice in a sorrowful tone, \'I\'m afraid I\'ve offended it again!\' For the Mouse to tell its age, there was mouth enough for it flashed across her mind that she had someone to listen to me! When I used.','1976-02-01 19:23:03','2019-07-26 12:32:09'),(50,18,'The March Hare said to the beginning of the same thing as \"I sleep when I learn music.\' \'Ah! that accounts for it,\' said Five, \'and I\'ll tell you just now what the next witness would be very likely.','2003-12-27 20:06:41','1978-01-22 08:24:11'),(51,27,'Alice crouched down among the people that walk with their heads off?\' shouted the Queen, who was peeping anxiously into her face, and large eyes like a writing-desk?\' \'Come, we shall have somebody.','2019-04-28 15:10:21','2010-07-15 01:14:21'),(52,24,'Cheshire Cat,\' said Alice: \'three inches is such a dreadful time.\' So Alice began to cry again, for she had looked under it, and found herself in the distance, screaming with passion. She had.','1986-10-06 15:39:34','1996-11-29 05:52:52'),(53,10,'March Hare. Visit either you like: they\'re both mad.\' \'But I don\'t want to stay in here any longer!\' She waited for some time with the tea,\' the Hatter with a cart-horse, and expecting every moment.','1997-03-15 17:37:03','2011-01-13 01:54:38'),(54,55,'Hatter: \'I\'m on the OUTSIDE.\' He unfolded the paper as he spoke, \'we were trying--\' \'I see!\' said the Mouse, frowning, but very politely: \'Did you say it.\' \'That\'s nothing to do.\" Said the mouse.','1995-03-26 13:55:26','2000-02-25 13:22:57'),(55,8,'William the Conqueror.\' (For, with all speed back to the door, staring stupidly up into a sort of thing that would be only rustling in the air, I\'m afraid, but you might knock, and I could let you.','1985-03-18 22:52:36','1999-02-09 10:01:46'),(56,12,'MORE than nothing.\' \'Nobody asked YOUR opinion,\' said Alice. \'Then it doesn\'t mind.\' The table was a general chorus of \'There goes Bill!\' then the different branches of Arithmetic--Ambition,.','2019-12-01 14:55:25','1970-03-26 19:04:15'),(57,53,'Alice soon came upon a Gryphon, lying fast asleep in the flurry of the cattle in the back. At last the Mouse, turning to Alice, that she had never left off staring at the moment, \'My dear! I wish I.','1975-12-26 05:04:25','1985-01-11 13:11:42'),(58,97,'Next came the guests, mostly Kings and Queens, and among them Alice recognised the White Rabbit read out, at the end of the evening, beautiful Soup! Soup of the deepest contempt. \'I\'ve seen a rabbit.','2001-12-03 17:48:15','1978-06-23 13:39:16'),(59,2,'However, when they saw her, they hurried back to the voice of the thing yourself, some winter day, I will just explain to you to death.\"\' \'You are old,\' said the March Hare moved into the air off.','1995-08-19 19:01:36','2003-08-10 08:30:51'),(60,43,'Why, I haven\'t been invited yet.\' \'You\'ll see me there,\' said the King. The next witness would be grand, certainly,\' said Alice indignantly. \'Ah! then yours wasn\'t a really good school,\' said the.','1982-08-18 06:15:17','2003-12-15 18:36:13'),(61,39,'Alice could think of anything else. CHAPTER V. Advice from a bottle marked \'poison,\' it is I hate cats and dogs.\' It was so long that they were nice grand words to say.) Presently she began again:.','2017-09-07 01:24:52','1991-11-28 07:52:25'),(62,79,'I\'ll get into the jury-box, or they would go, and making faces at him as he could go. Alice took up the chimney, has he?\' said Alice sharply, for she felt certain it must be Mabel after all, and I.','2005-10-30 06:00:08','1992-08-01 20:48:11'),(63,91,'Hatter: \'but you could draw treacle out of a candle is like after the others. \'Are their heads down! I am so VERY much out of a water-well,\' said the Dormouse: \'not in that case I can find it.\' And.','1995-12-04 06:45:02','1985-08-01 03:18:20'),(64,74,'But do cats eat bats? Do cats eat bats? Do cats eat bats? Do cats eat bats? Do cats eat bats?\' and sometimes, \'Do bats eat cats?\' for, you see, Miss, we\'re doing our best, afore she comes, to--\' At.','1998-02-07 02:53:17','2015-02-02 07:26:50'),(65,94,'Duchess by this time, sat down with one elbow against the ceiling, and had just upset the week before. \'Oh, I BEG your pardon!\' she exclaimed in a loud, indignant voice, but she had never left off.','1977-09-29 10:38:39','1984-09-24 11:15:40'),(66,51,'I want to see a little hot tea upon its nose. The Dormouse shook its head down, and nobody spoke for some minutes. Alice thought she might find another key on it, for she thought, \'and hand round.','1996-11-27 17:40:47','1995-03-25 03:30:57'),(67,79,'Cat, \'if you don\'t know where Dinn may be,\' said the King. \'Nothing whatever,\' said Alice. \'Did you say things are \"much of a well?\' \'Take some more of it at all. However, \'jury-men\' would have this.','2002-04-01 15:43:10','2001-12-21 10:01:06'),(68,54,'I can creep under the door; so either way I\'ll get into her head. Still she went back to the jury. \'Not yet, not yet!\' the Rabbit hastily interrupted. \'There\'s a great hurry; \'this paper has just.','2017-09-06 09:18:13','2020-03-26 11:19:18'),(69,72,'Drawling, Stretching, and Fainting in Coils.\' \'What was THAT like?\' said Alice. The King laid his hand upon her arm, with its tongue hanging out of its little eyes, but it was getting quite crowded.','1988-04-07 12:23:29','1992-05-29 13:25:22'),(70,89,'See how eagerly the lobsters and the bright flower-beds and the Mock Turtle in a tone of delight, which changed into alarm in another moment, when she next peeped out the answer to shillings and.','1994-07-26 03:39:07','2015-08-22 08:14:52'),(71,52,'Duchess; \'and the moral of that is--\"Birds of a well?\' The Dormouse shook its head impatiently, and said, very gravely, \'I think, you ought to have any rules in particular; at least, if there are,.','1979-08-25 21:30:43','2018-02-21 23:26:43'),(72,78,'Alice after it, never once considering how in the pool a little queer, won\'t you?\' \'Not a bit,\' she thought it would be quite absurd for her to carry it further. So she set to work very diligently.','1976-06-09 19:39:05','2005-09-18 14:15:28'),(73,8,'King. \'It began with the game,\' the Queen ordering off her knowledge, as there was a table set out under a tree a few minutes to see you any more!\' And here Alice began to cry again, for really I\'m.','1985-02-09 10:15:03','2003-04-07 23:32:37'),(74,41,'Cat. \'I don\'t see how he can EVEN finish, if he had taken advantage of the baby, the shriek of the soldiers shouted in reply. \'Idiot!\' said the King. \'Then it wasn\'t very civil of you to set about.','2016-07-03 02:36:43','2006-02-09 06:16:08'),(75,62,'Five. \'I heard every word you fellows were saying.\' \'Tell us a story!\' said the Duchess. \'Everything\'s got a moral, if only you can find out the answer to it?\' said the King, the Queen, and Alice,.','2002-08-17 12:29:05','1972-02-16 09:22:54'),(76,86,'White Rabbit interrupted: \'UNimportant, your Majesty means, of course,\' he said in a confused way, \'Prizes! Prizes!\' Alice had been anything near the door that led into a cucumber-frame, or.','1986-03-18 12:42:48','1974-11-12 01:55:15'),(77,14,'They are waiting on the stairs. Alice knew it was labelled \'ORANGE MARMALADE\', but to open it; but, as the Lory positively refused to tell them something more. \'You promised to tell you--all I know.','2005-03-19 13:03:08','2016-05-13 03:53:05'),(78,48,'Alice, the little door about fifteen inches high: she tried to fancy what the name \'Alice!\' CHAPTER XII. Alice\'s Evidence \'Here!\' cried Alice, jumping up in a sort of life! I do it again and again.\'.','1993-05-22 16:00:16','2006-09-18 04:02:03'),(79,28,'Alice; \'I must be really offended. \'We won\'t talk about her and to her head, and she went round the court with a knife, it usually bleeds; and she tried her best to climb up one of its voice. \'Back.','2019-03-08 13:24:27','2007-12-06 15:37:56'),(80,30,'She did it so VERY tired of sitting by her sister kissed her, and she put one arm out of sight; and an Eaglet, and several other curious creatures. Alice led the way, was the BEST butter, you know.\'.','1990-08-14 19:21:01','2001-05-08 06:13:44'),(81,65,'The Antipathies, I think--\' (she was so much at this, that she was talking. Alice could see this, as she swam about, trying to put everything upon Bill! I wouldn\'t be in before the end of your.','2019-03-31 01:04:04','1995-05-30 17:07:04'),(82,55,'Alice whispered, \'that it\'s done by everybody minding their own business,\' the Duchess to play croquet.\' Then they all spoke at once, with a bound into the book her sister was reading, but it was.','2010-03-20 23:38:27','1998-12-09 22:32:31'),(83,53,'Dormouse\'s place, and Alice guessed who it was, even before she gave her answer. \'They\'re done with blacking, I believe.\' \'Boots and shoes under the circumstances. There was a little worried. \'Just.','2015-09-24 05:38:29','1974-09-03 10:38:03'),(84,75,'WHAT things?\' said the Duchess; \'I never saw one, or heard of one,\' said Alice, in a tone of delight, which changed into alarm in another moment down went Alice like the look of it at all. However,.','1973-08-14 15:43:23','2016-10-26 12:24:25'),(85,9,'I to get to,\' said the Footman, \'and that for two Pennyworth only of beautiful Soup? Pennyworth only of beautiful Soup? Pennyworth only of beautiful Soup? Pennyworth only of beautiful Soup?.','1984-05-07 15:42:40','2018-07-25 00:05:41'),(86,61,'And mentioned me to sell you a couple?\' \'You are old,\' said the Gryphon: \'I went to him,\' said Alice more boldly: \'you know you\'re growing too.\' \'Yes, but I don\'t put my arm round your waist,\' the.','1983-12-25 05:39:49','1985-10-03 09:38:19'),(87,86,'It doesn\'t look like one, but the cook till his eyes were nearly out of breath, and said \'That\'s very curious.\' \'It\'s all her fancy, that: they never executes nobody, you know. Come on!\' \'Everybody.','1972-10-06 01:38:21','1999-05-20 19:45:51'),(88,61,'And yesterday things went on again: \'Twenty-four hours, I THINK; or is it I can\'t tell you more than that, if you want to stay in here any longer!\' She waited for a long way. So she sat down and.','2002-01-05 23:14:20','1999-06-01 00:22:54'),(89,57,'Alice after it, never once considering how in the kitchen. \'When I\'M a Duchess,\' she said to the Gryphon. \'It all came different!\' Alice replied in an offended tone, \'so I can\'t see you?\' She was a.','2008-12-21 04:54:35','2015-03-27 18:23:27'),(90,87,'Alice thought over all the right thing to eat the comfits: this caused some noise and confusion, as the soldiers shouted in reply. \'Idiot!\' said the Queen of Hearts, carrying the King\'s crown on a.','1988-11-21 00:13:29','1988-04-19 19:29:35'),(91,3,'I\'m here! Digging for apples, yer honour!\' (He pronounced it \'arrum.\') \'An arm, you goose! Who ever saw in my time, but never ONE with such a thing before, and behind it, it occurred to her great.','1975-03-09 05:16:39','2002-04-20 07:26:33'),(92,96,'Alice, \'because I\'m not looking for it, he was speaking, so that it was the first figure!\' said the King. The next thing was to get dry very soon. \'Ahem!\' said the Caterpillar angrily, rearing.','2014-12-07 07:08:52','2012-01-10 16:38:16'),(93,66,'Either the well was very provoking to find it out, we should all have our heads cut off, you know. So you see, Alice had not attended to this last remark that had a vague sort of people live about.','1973-08-15 10:31:19','2003-01-03 07:14:21'),(94,94,'Hatter: \'I\'m on the other paw, \'lives a Hatter: and in his note-book, cackled out \'Silence!\' and read as follows:-- \'The Queen will hear you! You see, she came suddenly upon an open place, with a.','2004-02-15 04:17:25','2009-04-29 18:14:39'),(95,70,'First, because I\'m on the song, perhaps?\' \'I\'ve heard something splashing about in the direction it pointed to, without trying to find her in an encouraging tone. Alice looked round, eager to see.','2011-02-17 04:30:17','1995-06-19 11:23:35'),(96,59,'Hatter. \'It isn\'t directed at all,\' said the King. \'Then it wasn\'t very civil of you to set them free, Exactly as we were. My notion was that you couldn\'t cut off a little timidly, for she could not.','1981-01-29 19:54:40','2013-10-25 08:20:15'),(97,45,'Alice, \'and if it had come back and finish your story!\' Alice called after her. \'I\'ve something important to say!\' This sounded promising, certainly: Alice turned and came flying down upon her: she.','1974-08-18 13:33:03','1993-05-01 04:15:46'),(98,49,'Mock Turtle\'s heavy sobs. Lastly, she pictured to herself \'Now I can go back and finish your story!\' Alice called out \'The race is over!\' and they can\'t prove I did: there\'s no use in talking to.','2018-05-14 06:49:00','2019-11-22 05:40:32'),(99,13,'I was a different person then.\' \'Explain all that,\' said the Mock Turtle Soup is made from,\' said the Caterpillar. Alice thought the poor child, \'for I can\'t get out again. Suddenly she came upon a.','1987-01-23 04:51:34','1978-10-21 23:35:43'),(100,16,'I shall have some fun now!\' thought Alice. One of the Mock Turtle to sing \"Twinkle, twinkle, little bat! How I wonder who will put on one of its right paw round, \'lives a Hatter: and in THAT.','2018-01-16 16:19:12','1975-07-06 08:07:51');
/*!40000 ALTER TABLE `posts` ENABLE KEYS */;
UNLOCK TABLES;

--
-- Table structure for table `users`
--

DROP TABLE IF EXISTS `users`;
/*!40101 SET @saved_cs_client     = @@character_set_client */;
/*!50503 SET character_set_client = utf8mb4 */;
CREATE TABLE `users` (
  `id` bigint unsigned NOT NULL AUTO_INCREMENT,
  `firstname` varchar(50) CHARACTER SET utf8 COLLATE utf8_unicode_ci DEFAULT NULL,
  `lastname` varchar(50) CHARACTER SET utf8 COLLATE utf8_unicode_ci DEFAULT NULL COMMENT ' ',
  `email` varchar(120) CHARACTER SET utf8 COLLATE utf8_unicode_ci DEFAULT NULL,
  `phone` varchar(20) CHARACTER SET utf8 COLLATE utf8_unicode_ci DEFAULT NULL,
  `birthday` date DEFAULT NULL,
  `hometown` varchar(100) CHARACTER SET utf8 COLLATE utf8_unicode_ci DEFAULT NULL,
  `gender` char(1) CHARACTER SET utf8 COLLATE utf8_unicode_ci DEFAULT NULL,
  `photo_id` bigint unsigned DEFAULT NULL,
  `create_at` datetime DEFAULT CURRENT_TIMESTAMP,
  `pass` char(40) CHARACTER SET utf8 COLLATE utf8_unicode_ci DEFAULT NULL,
  PRIMARY KEY (`id`),
  UNIQUE KEY `email` (`email`),
  UNIQUE KEY `phone` (`phone`)
) ENGINE=InnoDB AUTO_INCREMENT=101 DEFAULT CHARSET=utf8 COLLATE=utf8_unicode_ci;
/*!40101 SET character_set_client = @saved_cs_client */;

--
-- Dumping data for table `users`
--

LOCK TABLES `users` WRITE;
/*!40000 ALTER TABLE `users` DISABLE KEYS */;
INSERT INTO `users` VALUES (1,'Gianni','Gerlach','clementina.turcotte@example.org','281.068.0308x032','1975-04-26','Port Eulalia','f',1,'2007-07-16 12:46:09','a5aa2ebb0222b7befa572fcc4aa1c937853e8415'),(2,'Stephanie','Buckridge','caitlyn11@example.com','(023)006-9501x921','1994-06-06','Merlinburgh','f',3,'1992-08-30 14:30:14','349282d2658f90bcb1df400e2e6a3888c54d2820'),(3,'Brandt','Beier','nvolkman@example.com','459.638.0561x694','1976-09-04','Tryciashire','m',8,'2008-01-11 23:06:27','db1974fc5524580997301a3f68689f562cbef139'),(4,'Alba','Gulgowski','joannie.hilpert@example.org','(476)767-7751x449','1979-01-16','Heberhaven','f',7,'2006-04-29 17:26:37','5b2b3a7ca459663a37a1f51444b1a1e8bc5cb424'),(5,'Rodrigo','King','norma.von@example.net','262-591-6873x639','1990-08-21','Bartellview','m',1,'1991-01-30 14:56:40','71462e8c6913a28a800999a6846a872d5d834138'),(6,'Lessie','Hirthe','vena.bauch@example.org','(066)533-4787x7613','1975-10-02','New Anselmouth','m',4,'1987-07-05 03:51:42','9a78fc54b58f15f5ad787603e2e4b605a50f9993'),(7,'Annabell','Conroy','malcolm26@example.net','312-573-6259','1978-07-07','North Rashadchester','m',9,'2011-12-03 19:03:17','b0eea6b0f0fad54ff578ea8fcf1db15ea22c5139'),(8,'Magnolia','McGlynn','hbrown@example.com','721-767-3525x19938','1975-12-15','Heidiview','f',1,'1997-04-18 17:20:06','e4cf980196d52f736a884a65a3c0a6d4be5c8694'),(9,'Paige','Kozey','dessie80@example.com','(642)533-4506','1976-10-31','Nehaville','f',5,'1981-05-26 14:36:15','4b0a7d6a9fd9aca51616826b8e02bc122b0c33fc'),(10,'Berneice','Braun','mercedes.baumbach@example.com','1-480-564-8851x78204','2020-04-20','Sengermouth','f',4,'2013-12-17 11:25:42','2699e8185505bc19c874aced5df623d4182537b8'),(11,'Grady','Littel','jacques.auer@example.org','(362)315-4320','1976-01-11','Haroldton','f',4,'1974-09-03 04:54:11','7a471a6b2ab7837850113da4251aa98245f4a02c'),(12,'Wiley','Christiansen','rodrick.koepp@example.net','477.837.9394x8063','2002-04-10','West Jefferey','f',0,'2004-02-28 15:46:54','3023eaf18f69f9a990fedce08a001d129003dd64'),(13,'Kyla','Gutmann','rsipes@example.com','(132)815-0584x3291','1971-08-04','North Averyton','m',3,'1984-12-17 19:30:32','e97367671bb03b8547a54f9019a2b2532c855214'),(14,'Rex','Shields','weissnat.jamir@example.org','373-805-7465x6634','1986-09-13','Port Guiseppe','m',5,'1981-12-31 13:22:53','7e4e3bda05408ce3017fdefde49ac83e2bbf0a38'),(15,'Scottie','Powlowski','kitty.keebler@example.com','(697)170-8037','2002-01-06','East Shana','m',8,'2010-09-13 19:35:00','d872314f13b5516ae4b45bd6c5adf105020cc3be'),(16,'Lennie','Jacobi','mayra.bechtelar@example.net','07681418593','1980-09-03','Port Aliyahburgh','m',3,'2018-01-08 23:13:15','2f877a2e881ba8dc6c121528d4fafda7029a3400'),(17,'Cecelia','Legros','samanta.torphy@example.com','+79(5)9479990164','2019-11-24','East Aubreeshire','m',0,'1992-06-28 19:33:20','8f0b870f435af9e2e3d8245b351ed2271605c42f'),(18,'Meredith','Bailey','torey.mcclure@example.com','381.486.2195x688','1981-07-07','North Olemouth','m',9,'1987-12-02 06:45:06','8b9b6098782e3d2bd0a3da41f56bd8e8c125a300'),(19,'Maia','Fadel','funk.mitchel@example.org','1-792-780-8419','1999-04-23','Port Hadleymouth','m',6,'1975-05-13 23:14:32','c11d8767f3f1e05da15718be15060eb95b4de5dd'),(20,'Valentina','Pouros','cassin.mikayla@example.org','06720809159','1980-12-05','East Javonte','f',1,'1970-02-12 15:36:02','f7f7ae230a007b5054daa64e57da477b16e1c4e0'),(21,'Logan','McDermott','romaguera.dawn@example.org','246.713.5399x6608','1975-01-07','Vidahaven','f',0,'1984-09-14 10:20:28','cfbc5737e2ae7d73f0c96b39e0bfa12c8763c0fd'),(22,'Sydnie','Gerhold','terrell85@example.com','798.582.4327','1998-02-08','North Boris','f',1,'2006-01-21 14:46:45','9e16abb5722a30e87f1b69ee0597d4fb5ae60a3b'),(23,'Emory','Bailey','izabella.gerlach@example.com','(494)432-5040x80559','1974-06-20','Sylvesterport','m',9,'2003-11-09 07:09:33','414014aeee6a341d4e13935ca9ca6a776016d6e8'),(24,'Rosalee','Howe','franco84@example.org','362-511-2149x318','1979-01-06','Ciaraport','m',1,'2008-08-30 22:34:56','3c426c85191bcd180a7e5aab83d38a4c67e6e690'),(25,'Eliseo','Berge','edwin.stracke@example.org','06170825177','1994-09-05','New Antwonchester','m',6,'1984-11-07 15:06:27','5a5e8d0f9e4c1931347d6f9913daca20eb17fdd9'),(26,'Rosario','King','homenick.antonia@example.net','591.674.0309x17809','1996-10-25','North Laney','f',5,'2020-01-29 14:39:31','77ba869351f77f10dbe713071695f5ed115a1ad1'),(27,'Mariane','Schmidt','thackett@example.net','(868)025-6096x64690','2019-06-05','Lake Tevin','f',3,'1975-04-30 02:44:21','db2122b4080290ed8c2039f050a145a7ad31223f'),(28,'Citlalli','Erdman','aabernathy@example.org','+65(8)2336898886','1983-06-22','Vinnieburgh','f',7,'1989-11-08 19:01:00','8efa4027e0540ba2dec2a9f5a98e82c2b5c4866d'),(29,'Shaina','Mosciski','yrohan@example.net','1-670-117-1085','1995-02-26','South Arvilla','f',8,'2002-10-01 16:54:02','b13012b0fc966e1e063cf04f55103b7e1038e2bb'),(30,'Lawrence','Nolan','janet.wyman@example.com','364-381-7203','2014-10-11','Port Abigayle','m',3,'1973-09-09 23:52:07','4c8c6c01ce4476ecf602301d78b00da3ef6beac3'),(31,'Holden','Zulauf','dereck67@example.net','1-838-131-2724','2001-12-07','New Elyssa','f',4,'2007-03-16 08:21:20','7810c5e7f4f8e125d0dd210db481d28d7c43ee63'),(32,'Joelle','Keeling','opagac@example.org','1-656-860-0445','1983-03-24','Merltown','f',0,'2013-02-08 13:02:56','973c34beee5df936345d702153f908d901724dba'),(33,'Emerald','Yost','xcollins@example.org','945.385.2797x3422','1971-01-02','New Garettview','f',9,'1975-01-28 00:47:00','42e98ba37cf54d84d421cd4e1580409352d7494a'),(34,'Ocie','Rohan','price.ashlynn@example.com','649.479.6824','2012-10-04','West Gaylordbury','m',7,'2020-04-06 00:07:34','4a3f6dfd3fd98efce370fe816aae3f7dc42927f8'),(35,'Adelia','Sawayn','nfeil@example.org','715.103.3405x7870','1997-05-11','Lake Jeramiebury','f',7,'1972-12-01 05:51:33','70bdb25f34a83fa9e54f820eab3234e83b432f70'),(36,'Destinee','Wilkinson','htromp@example.org','103.590.0103x04778','1993-03-12','O\'Reillymouth','f',9,'1976-05-05 16:52:21','6f892d36382549be5867276f1dfa681f7e0d0b76'),(37,'Sid','Bode','funk.lucinda@example.com','(137)089-5404x58856','2014-08-29','Marleytown','m',6,'2010-12-25 22:25:22','c09011fce5c44c5e1ceda3198eb9321d41be3bd6'),(38,'Dayne','Bruen','jakubowski.shayne@example.org','+57(1)2615115762','1972-12-08','Allantown','f',6,'1994-03-30 16:25:03','03d99a4365fdb7da4f357a53e70887cda274af57'),(39,'Godfrey','Dickinson','temard@example.com','1-614-554-3156x7115','1976-10-23','South Flavio','f',1,'1976-04-24 21:52:19','17390994952ad90da397e3dba0efe51485472f99'),(40,'Lacey','Moore','cole.hassan@example.com','1-460-247-1968x5935','2001-12-03','Lake Billyborough','f',0,'1984-10-06 19:41:14','e706c6cc0cfab7d03373c7762946dab0c2cc94bc'),(41,'Destini','Homenick','jaquelin37@example.com','+58(5)9807358968','2020-03-05','Hudsonborough','m',2,'1988-12-29 19:16:48','c5407be1fcbf67913f7391343d105afa46dc8a4e'),(42,'Johann','Walsh','goyette.alfreda@example.org','871.699.2394x5129','1992-07-07','East Bernard','m',1,'2013-06-20 13:09:07','dccad6a042f1410e4be2acda56ebbf5f5e16f60f'),(43,'Enid','Wilderman','mruecker@example.com','1-168-956-5522x686','1977-03-11','Port Loriview','f',2,'1995-03-11 16:34:43','334e3146f72ca4efd11dc17c9c8b569039055eff'),(44,'Carissa','Gleichner','igusikowski@example.org','(431)865-2500','1998-04-17','Grantfort','m',2,'1986-10-10 05:18:56','c2bb7fa8e06f48917bdb61fd8c4fc547131a13fd'),(45,'Gerda','Rodriguez','cruickshank.donato@example.org','413-688-3974x0288','1978-07-31','Lefflertown','m',5,'1976-10-14 17:21:05','91e940a54671a3147434a203d103733ddf521f75'),(46,'Onie','Kozey','mschmitt@example.com','281.606.2598','1972-02-16','New Lizzie','m',6,'1978-09-22 04:40:00','f851d92083b01b93f2c9fd94a4ba52628d6a7149'),(47,'Lucinda','Towne','bashirian.orville@example.net','1-068-724-1190x4500','1978-05-20','Lake Tara','f',0,'2004-11-09 14:43:32','67b8875e873ca2c92c032a0b376e63a39e9853ef'),(48,'Bernhard','Yundt','fheaney@example.org','1-629-146-8274','2020-05-23','Mosciskibury','m',0,'1973-08-22 08:27:50','cf27d1908c8e9d41c0ed26edaf952b6ef19112da'),(49,'Wilma','Towne','alejandra90@example.net','051.948.1623','1991-10-29','East Angelica','f',9,'1999-08-11 02:47:33','f8e1503cfd0eed828966513052c896ccf079ba9f'),(50,'Lea','Prosacco','achristiansen@example.net','147.274.1761','1992-01-04','New Laishaville','f',2,'2007-07-19 11:04:21','db7d22f6b237d362985f3afe3c086e201a326ba6'),(51,'Dolly','Rolfson','macie.rogahn@example.org','548-679-8490','1999-08-27','South Zackport','m',7,'1999-12-28 20:35:02','c8e9eb08867df3c0b1a35bab6d12729b44f48acd'),(52,'Carmen','Rosenbaum','sid80@example.org','785-954-3489','2002-07-27','East Kayla','m',0,'2016-08-11 17:26:46','ceba3940e616048969be7eb57f41f5953dd2ab1e'),(53,'Dasia','Conn','qwehner@example.com','(285)773-4085x614','1970-05-07','Irvingshire','m',9,'1991-12-13 01:59:45','9b25c1933da01ccbd7e9bd7a843fdcd629bf665c'),(54,'Matteo','Kilback','d\'amore.madie@example.net','460.933.6067x9651','2010-07-30','Margarettaton','m',5,'2004-01-15 02:52:48','cc03939fa3a8257a5c63733f50d132a4b4e3acb1'),(55,'Alysson','Gerhold','chanel.ebert@example.com','1-807-511-2022x67429','1970-07-07','Brekkehaven','f',6,'2013-08-17 19:16:53','3d7cbe11b9c67ea0f30e975d6668deeac8f155ce'),(56,'Madison','Rutherford','cblanda@example.com','187-834-3656','1988-01-26','Homenickton','m',5,'1980-07-06 08:07:15','1a3ba7633870c9ac9932b3936e3c60bea36d2116'),(57,'Araceli','Koss','brooklyn.rutherford@example.org','324-473-5417x6912','1981-02-08','North Waldo','m',1,'1987-01-19 15:03:18','6332a202942cbf7d5f85abba5b381ee0cb92938e'),(58,'Fabiola','Ondricka','phodkiewicz@example.com','379.668.7856','2004-03-29','South Chadrickbury','f',4,'2015-03-20 22:45:52','fb5400b9c4b7cea7c8e088db9d5dc6030618b561'),(59,'Zoila','Wisoky','christophe64@example.org','+79(1)9420001678','2001-02-20','Port Shawna','m',8,'2017-09-01 12:42:16','37d80c3e37e8f433a4c9124cc54e33a2e0ed04ed'),(60,'Gillian','O\'Reilly','osanford@example.org','532.111.3987x23655','1975-10-27','West Ransom','m',9,'1983-11-13 02:41:04','0e9d7fb1d60bfb2cae5cea0cf504c8dedabfe9de'),(61,'Axel','Tremblay','jroberts@example.com','(862)707-8918x497','2000-03-04','South Ofeliabury','m',0,'1972-01-06 17:27:01','27cc4e35798949d1212fc0324b85049c2f8511ec'),(62,'Barton','Eichmann','yost.godfrey@example.com','03685783559','1980-02-14','Auermouth','f',5,'1987-08-20 21:44:53','2346dbb2545ad5f259c26d2a6eb2d93ae9a61485'),(63,'Birdie','Beatty','hassie13@example.org','312-197-9802','1988-07-15','Port Vern','m',6,'1999-07-20 15:43:48','80a04b5a16a9162f108ad8b0785fc91adf1622ad'),(64,'Emilie','Jast','alfonso.mayer@example.net','1-100-691-0198','2020-09-30','New Doloresport','f',7,'2017-12-07 08:02:34','34f351b7cbfe9a656ccd12dbb96792631a93f0a1'),(65,'Curt','Crooks','mara.satterfield@example.org','709-571-2369x590','1996-12-31','Bodeville','m',0,'1973-10-19 04:54:07','777a0bdaab9f2118c4a734cc0816e3dffd9bc335'),(66,'Elliott','Bailey','bartoletti.griffin@example.com','09822939007','1992-09-26','Dareside','m',7,'1994-10-05 02:04:13','619862be4c4cbb0ce0bdd495399a55454a9a0154'),(67,'Kian','Schimmel','elyssa.zemlak@example.org','+02(6)5512162450','1993-11-25','Treyshire','m',8,'2009-11-24 03:55:37','f643f0688bf2d8781c11ba1635a035e18b0925e1'),(68,'Blanca','Heathcote','dach.alberta@example.net','1-887-296-5397x5841','1985-06-29','West Mckaylahaven','f',0,'1971-10-17 11:22:18','4a28a37a429b8e25ec0c4fc5c4b5fce0d26ac462'),(69,'Roel','Trantow','daugherty.justen@example.org','+78(6)7543295778','1980-06-21','New Madge','f',4,'2009-02-12 16:00:35','af9b5c98d648d1ad459c9532a4d69ce0ffe152a1'),(70,'Asa','Gusikowski','weldon.doyle@example.com','1-278-335-0669','1990-05-21','South Hymanhaven','f',0,'2006-02-01 08:44:12','373636282a92cca10ec8800f447f9335edff5049'),(71,'Hector','Waters','nolan.madie@example.com','06023145967','1986-03-20','Eulaton','f',2,'1993-02-21 00:02:14','335d48f748ef37400666424beab2445737a1382f'),(72,'Demarcus','Swift','else.veum@example.org','575-697-9940','1974-03-16','Laishahaven','m',6,'2001-12-16 01:37:34','d41e3bb719d19eba650580e0be9fd69670c1dfc8'),(73,'Wilton','Erdman','spencer.huels@example.com','(865)643-1757x628','2015-04-05','Myamouth','f',8,'1978-07-21 01:14:48','325001cb0b59d20c97084eeda58f7e56b5578eeb'),(74,'Raquel','Wunsch','schiller.susana@example.com','+70(0)6880726271','2006-03-05','Port Jeanbury','m',7,'2003-12-22 10:59:37','1237c3c51d29a202b5bf275deab8c14146594260'),(75,'Melany','Spencer','stamm.velma@example.net','(339)069-8231x72867','1991-09-24','Lake Laisha','m',2,'1970-01-01 21:22:00','b256e135c622aa0ff88b481de292094e081fa21f'),(76,'Jeffrey','Hamill','weldon.adams@example.com','1-686-625-6239','2004-07-21','North Kylaton','f',5,'2010-02-17 03:08:25','2f07712767b2a17d5f78ac555d66ddae2ec04c59'),(77,'Maybell','McLaughlin','cheyanne.effertz@example.org','(063)960-2070x77488','2010-07-23','Bergeton','f',3,'2005-04-04 19:09:12','fe9a11da4255a91be60c5497464ddd1af84e021b'),(78,'Olga','Kreiger','sasha12@example.com','(926)134-0930x055','1984-12-07','Stammport','m',1,'2019-10-30 04:41:26','b9d2cbd7a1138de16da24d0b32d0c215db0d77c6'),(79,'Blanca','Bogisich','maya.ledner@example.com','688.072.6758x786','1998-11-19','New Michaela','f',5,'1989-06-06 00:15:23','5e249383d1637d3fb8d0a56efd9161b67bfa6889'),(80,'Prudence','Hilll','lawrence54@example.org','981-859-3889x4419','2020-07-18','Welchville','m',9,'2005-06-22 23:43:10','d02e9f2d4897ed4d781450bc8436bdbb1f7b3737'),(81,'Reina','Sanford','lstiedemann@example.org','04434726664','1981-06-15','Lake Mortimer','m',4,'2012-12-19 12:57:02','f232491592a88cd37287819757ba6ad5d586397e'),(82,'Rosalee','Wiegand','schaden.jordi@example.org','605-425-5341x09837','2016-11-07','North Bruceland','m',5,'1993-09-13 17:37:58','03b7f636c96b7f3a56b6cd71793f737d9d0ab7c0'),(83,'Antonio','Hessel','amara.wintheiser@example.org','(102)202-3190x68796','1982-12-19','New Arvid','f',0,'2008-09-10 22:07:51','ad87a92b989565f8301eed93e44ab8bbead51861'),(84,'Kristina','Zboncak','noelia.pfeffer@example.com','112-624-0118x8791','2005-05-23','Morissetteton','f',2,'1998-05-12 19:48:47','2895b22b5fd1ea0103c7c649b6d12cd6c7cbc70e'),(85,'Cielo','Legros','swaniawski.karley@example.com','1-344-288-7833x77137','1970-04-12','East Trinityhaven','m',1,'2004-07-21 12:44:17','50f1bafa42f9824a0de8c91e8fbeb5033b1c170d'),(86,'Celestine','Kub','maude87@example.net','261.132.1810x95923','1983-02-27','Prosaccostad','f',3,'1987-04-12 21:47:34','f766e2eb8965cab865529edcd9c601ffa03cd137'),(87,'Payton','Dibbert','rogahn.cleo@example.org','643-581-5213x70272','1986-10-24','O\'Kontown','m',6,'2007-11-10 15:45:35','a8cc4ab1a0ff515e9f0a676cb3752e0b557c754c'),(88,'Ruby','Reichel','o\'kon.elenora@example.com','+70(9)5468738313','1990-05-17','Boganshire','f',3,'2006-03-04 16:59:58','ac82d92db165d4f8a6e6d0efa5e9146b5c831997'),(89,'Jacynthe','Strosin','gleichner.garland@example.org','067-160-1174','2000-05-24','West Janahaven','f',9,'1992-01-26 22:50:12','abf1f907e729d65e7ca2e65558f0bd39459fe9a0'),(90,'Brant','Ondricka','pattie.hermiston@example.com','375.112.2618x50365','2002-12-20','Elizaberg','m',3,'2003-10-23 01:13:09','7f9c71a38f5f425b300ae7a4ff011a78b93aedc7'),(91,'Shawn','Nikolaus','awuckert@example.com','1-289-943-4325','1983-10-15','Edwinaborough','f',7,'2011-11-10 02:34:38','d0ec2b026930ae5236228a9e24b7bf90b9277e2c'),(92,'Lenna','Rogahn','burdette.collins@example.net','+34(5)7926033288','2008-02-14','Hudsonside','m',9,'2001-02-13 04:06:30','c5406c5c7ec1ed474bc2cde712ded57acfbd439a'),(93,'Guillermo','Halvorson','nathanael97@example.net','+24(1)4389667638','1994-01-27','West Adelinehaven','m',8,'1992-02-18 10:02:32','2d957cc9f3404e13dedbc393f3aebf7221aa63a0'),(94,'Walter','Ondricka','geffertz@example.net','564-869-5368','1998-11-14','West Gay','f',2,'1976-08-23 14:20:52','f05a6c969937be5e3a71d17b1bea321aa2651736'),(95,'Dulce','Gutmann','jules.purdy@example.net','1-516-062-0188x6486','2017-07-30','Kuhnberg','m',6,'2007-08-23 01:31:27','b7c31dbff7db61ef86f9a47dedc75793064f565c'),(96,'Kasandra','Moen','antonetta.marquardt@example.net','843.603.3942x13715','2015-04-11','Whitebury','m',0,'1994-10-04 11:45:29','e378f32de8794392707c2248804dd39b514f41f3'),(97,'Kenyatta','McClure','bennie.volkman@example.com','+07(5)2213311278','2002-10-22','Leliaside','m',0,'1971-02-25 11:12:08','55a007aa9181c0c119cedd31bf0e5adb0a486eee'),(98,'Carey','Blick','karine22@example.net','(915)186-3214x9521','1988-03-12','New Kodyberg','f',6,'1986-10-08 14:06:49','80f7af1c7ce1adf7ab24fd2bfc49d8f6cdbe5f3b'),(99,'Darian','Goyette','plittle@example.com','1-588-323-0132x8877','2001-01-28','West Jessicachester','m',6,'1988-03-07 19:26:52','9dbad5b347728f75802a0f6de9c5b9d7844c3f2a'),(100,'Sydni','Waters','breitenberg.judson@example.com','(939)631-2772','1995-02-22','Jaimeville','m',0,'1980-04-26 01:29:07','0589447f6665e129520a9da552680bcc5f574c52');
/*!40000 ALTER TABLE `users` ENABLE KEYS */;
UNLOCK TABLES;

--
-- Table structure for table `users_communities`
--

DROP TABLE IF EXISTS `users_communities`;
/*!40101 SET @saved_cs_client     = @@character_set_client */;
/*!50503 SET character_set_client = utf8mb4 */;
CREATE TABLE `users_communities` (
  `user_id` bigint unsigned NOT NULL,
  `community_id` bigint unsigned NOT NULL,
  PRIMARY KEY (`user_id`,`community_id`),
  KEY `community_id` (`community_id`),
  CONSTRAINT `users_communities_ibfk_1` FOREIGN KEY (`user_id`) REFERENCES `users` (`id`),
  CONSTRAINT `users_communities_ibfk_2` FOREIGN KEY (`community_id`) REFERENCES `communities` (`id`)
) ENGINE=InnoDB DEFAULT CHARSET=utf8 COLLATE=utf8_unicode_ci;
/*!40101 SET character_set_client = @saved_cs_client */;

--
-- Dumping data for table `users_communities`
--

LOCK TABLES `users_communities` WRITE;
/*!40000 ALTER TABLE `users_communities` DISABLE KEYS */;
INSERT INTO `users_communities` VALUES (83,1),(20,2),(34,2),(100,2),(17,3),(30,3),(40,3),(41,3),(54,3),(56,3),(63,3),(70,3),(73,3),(15,4),(21,4),(34,4),(70,5),(75,5),(99,5),(19,6),(30,6),(9,7),(41,7),(48,7),(18,8),(19,8),(36,8),(12,9),(32,9),(68,9),(89,9),(40,10),(49,10),(79,10),(19,11),(26,11),(35,11),(3,12),(7,12),(13,12),(20,12),(24,12),(2,13),(5,14),(9,14),(84,14),(97,14),(4,15),(10,15),(36,15),(45,15),(83,15),(85,15),(9,16),(17,16),(55,16),(79,16),(92,16),(24,17),(37,17),(41,17),(11,18),(13,18),(35,18),(61,18),(68,19),(81,19),(26,20),(33,20),(49,20),(48,21),(49,21),(23,22),(24,22),(87,22),(16,23),(36,23),(28,24),(30,24),(76,24),(29,25),(47,25),(49,26),(91,26),(8,27),(14,27),(57,27),(90,27),(1,28),(6,28),(14,28),(28,28),(43,28),(46,29),(74,29),(83,29),(87,30),(94,30);
/*!40000 ALTER TABLE `users_communities` ENABLE KEYS */;
UNLOCK TABLES;

--
-- Dumping routines for database 'vk'
--
/*!40103 SET TIME_ZONE=@OLD_TIME_ZONE */;

/*!40101 SET SQL_MODE=@OLD_SQL_MODE */;
/*!40014 SET FOREIGN_KEY_CHECKS=@OLD_FOREIGN_KEY_CHECKS */;
/*!40014 SET UNIQUE_CHECKS=@OLD_UNIQUE_CHECKS */;
/*!40101 SET CHARACTER_SET_CLIENT=@OLD_CHARACTER_SET_CLIENT */;
/*!40101 SET CHARACTER_SET_RESULTS=@OLD_CHARACTER_SET_RESULTS */;
/*!40101 SET COLLATION_CONNECTION=@OLD_COLLATION_CONNECTION */;
/*!40111 SET SQL_NOTES=@OLD_SQL_NOTES */;

-- Dump completed on 2020-11-18 10:18:08
